-- MySQL dump 10.13  Distrib 8.0.42, for macos15 (arm64)
--
-- Host: 58.239.58.243    Database: java502_team1_db
-- ------------------------------------------------------
-- Server version	8.0.27

/*!40101 SET @OLD_CHARACTER_SET_CLIENT=@@CHARACTER_SET_CLIENT */;
/*!40101 SET @OLD_CHARACTER_SET_RESULTS=@@CHARACTER_SET_RESULTS */;
/*!40101 SET @OLD_COLLATION_CONNECTION=@@COLLATION_CONNECTION */;
/*!50503 SET NAMES utf8 */;
/*!40103 SET @OLD_TIME_ZONE=@@TIME_ZONE */;
/*!40103 SET TIME_ZONE='+00:00' */;
/*!40014 SET @OLD_UNIQUE_CHECKS=@@UNIQUE_CHECKS, UNIQUE_CHECKS=0 */;
/*!40014 SET @OLD_FOREIGN_KEY_CHECKS=@@FOREIGN_KEY_CHECKS, FOREIGN_KEY_CHECKS=0 */;
/*!40101 SET @OLD_SQL_MODE=@@SQL_MODE, SQL_MODE='NO_AUTO_VALUE_ON_ZERO' */;
/*!40111 SET @OLD_SQL_NOTES=@@SQL_NOTES, SQL_NOTES=0 */;

--
-- Table structure for table `board`
--

DROP TABLE IF EXISTS `board`;
/*!40101 SET @saved_cs_client     = @@character_set_client */;
/*!50503 SET character_set_client = utf8mb4 */;
CREATE TABLE `board` (
  `b_idx` int NOT NULL AUTO_INCREMENT,
  `c_id_board` int NOT NULL,
  `post` varchar(500) NOT NULL,
  `h_count` int DEFAULT NULL,
  `r_count` int DEFAULT NULL,
  `b_upload_photo` varchar(500) NOT NULL,
  PRIMARY KEY (`b_idx`),
  KEY `c_id_board_idx` (`c_id_board`),
  CONSTRAINT `fk_board_customer` FOREIGN KEY (`c_id_board`) REFERENCES `customer` (`id`)
) ENGINE=InnoDB AUTO_INCREMENT=74 DEFAULT CHARSET=utf8mb4 COLLATE=utf8mb4_0900_ai_ci;
/*!40101 SET character_set_client = @saved_cs_client */;

--
-- Dumping data for table `board`
--

LOCK TABLES `board` WRITE;
/*!40000 ALTER TABLE `board` DISABLE KEYS */;
INSERT INTO `board` VALUES (52,8,'얼마 안 남았어요!!! 다들 저 보고 화이팅 하세요',7,0,'/img/board/20250719_161920_1.jpeg'),(53,9,'공부하는 척',11,0,'/img/board/20250719_162050_2.jpeg'),(54,10,'BLACK??',6,0,'/img/board/20250719_162330_3.jpeg'),(55,11,'초코나무숲 패션 어때요ヽ（≧□≦）ノ',5,0,'/img/board/20250719_163004_4.jpeg'),(57,12,'이번 여름은 별로 안 더운 것 같아요?',5,0,'/img/board/20250719_170807_5.jpeg'),(59,13,'diesel 반지 샀지렁',4,0,'/img/board/20250719_175033_6.jpeg'),(60,14,'다들 모하시나요o(≧口≦)o',4,0,'/img/board/20250719_175306_7.jpeg'),(61,2,'나는야 핀터 호소인!',3,0,'/img/board/20250720_122523_8.jpeg'),(62,16,'오늘 패션에 안경은 필수! 헤헤',3,0,'/img/board/20250720_122958_9.jpeg'),(63,17,'눈 부셔서 눈을 뜰 수가 없어요!!\r\n거울에 비친 제 모습이... 죄송해여 ㅎㅎㅎ',4,0,'/img/board/20250720_123243_10.jpeg'),(64,18,'꾸안꾸?? 사실 꾸꾸꾸!!!!!!!',3,0,'/img/board/20250720_123544_11.jpeg'),(65,19,'톤다운 톤다운 톤다운!!\r\n모자 예뿌죠??',3,0,'/img/board/20250720_123711_12.jpeg'),(66,20,'오늘은 이렇게 입어도 덥지 않네요\r\n여름 끝일까요????',2,0,'/img/board/20250720_123905_13.jpeg'),(67,21,'겨울이 다시 왔으면 좋겠어❄️❄️❄️',3,0,'/img/board/20250720_124333_14.jpeg'),(68,22,'여기 어디게요? 맞춰보세요~!',2,0,'/img/board/20250720_124453_15.jpeg'),(69,23,'전시회 가기 전',4,0,'/img/board/20250720_124641_16.jpeg'),(70,10,'???????????',2,0,'/img/board/20250720_125017_17.jpeg'),(71,24,'트렌디함을 겸비한 캐주얼룩',5,0,'/img/board/20250720_145315_18.jpeg'),(72,24,'집 앞 산책도 느낌있게',5,0,'/img/board/20250720_145845_19.jpeg');
/*!40000 ALTER TABLE `board` ENABLE KEYS */;
UNLOCK TABLES;

--
-- Table structure for table `board_comment`
--

DROP TABLE IF EXISTS `board_comment`;
/*!40101 SET @saved_cs_client     = @@character_set_client */;
/*!50503 SET character_set_client = utf8mb4 */;
CREATE TABLE `board_comment` (
  `board_comm_idx` int NOT NULL AUTO_INCREMENT,
  `c_id_comm` int NOT NULL,
  `comment` varchar(500) NOT NULL,
  `b_idx_comm` int NOT NULL,
  `c_id_comment` int DEFAULT NULL,
  PRIMARY KEY (`board_comm_idx`),
  KEY `b_idx_comm_idx` (`b_idx_comm`),
  KEY `c_id_comm_idx` (`c_id_comm`),
  KEY `FKrnkj7rx7is7h7h9kxcsxmp058` (`c_id_comment`),
  CONSTRAINT `b_idx_comm` FOREIGN KEY (`b_idx_comm`) REFERENCES `board` (`b_idx`) ON DELETE CASCADE,
  CONSTRAINT `fk_board_comment_customer` FOREIGN KEY (`c_id_comm`) REFERENCES `customer` (`id`) ON DELETE CASCADE
) ENGINE=InnoDB AUTO_INCREMENT=88 DEFAULT CHARSET=utf8mb4 COLLATE=utf8mb4_0900_ai_ci;
/*!40101 SET character_set_client = @saved_cs_client */;

--
-- Dumping data for table `board_comment`
--

LOCK TABLES `board_comment` WRITE;
/*!40000 ALTER TABLE `board_comment` DISABLE KEYS */;
INSERT INTO `board_comment` VALUES (59,9,'모자가 너무 귀여워요',52,NULL),(60,10,'???',53,NULL),(62,13,'맞아요',57,NULL),(63,13,'귀여워요!!!!',55,NULL),(64,13,'앗싸 프로젝트 끝',52,NULL),(65,14,'이뻐요!! 사이즈가 어떻게 돼요??',59,NULL),(66,14,'코디 예뻐요(〃＞目＜)',57,NULL),(67,14,'패션 너무 마음에 들어요',55,NULL),(68,14,'휴 글쓰기도 힘들군',52,NULL),(69,14,'아이디어 고갈 중',53,NULL),(70,14,'완젼 느낌있당',54,NULL),(71,24,'바지 정보좀 알려주세요!',72,NULL),(72,24,'상의 정보좀 알려주세요 !',68,NULL),(73,24,'느좋녀 ,,,',63,NULL),(74,25,'흠..',63,NULL),(75,25,'작성자 최소 30대',64,NULL),(76,25,'아니 본인 포스팅이잖아요 아이디 좀 바꾸라구요',72,NULL),(77,25,'타오바오 쇼핑몰 사진같아요',71,NULL),(78,25,'안 더우세요? 아 더워 ;;',70,NULL),(79,25,'언니 사랑해요',54,NULL),(82,29,'예뻐요',72,NULL),(83,25,'이쁘다!',54,NULL),(84,30,'예뻐요!',71,NULL),(85,35,'예뻐요',53,NULL),(86,35,'예뻐요',69,NULL),(87,37,'예뻐요',52,NULL);
/*!40000 ALTER TABLE `board_comment` ENABLE KEYS */;
UNLOCK TABLES;

--
-- Table structure for table `board_heart`
--

DROP TABLE IF EXISTS `board_heart`;
/*!40101 SET @saved_cs_client     = @@character_set_client */;
/*!50503 SET character_set_client = utf8mb4 */;
CREATE TABLE `board_heart` (
  `heart_idx` int NOT NULL AUTO_INCREMENT,
  `b_idx_heart` int NOT NULL,
  `c_id_heart` int NOT NULL,
  `heart_yn` varchar(45) NOT NULL DEFAULT 'n',
  PRIMARY KEY (`heart_idx`),
  KEY `b_idx_heart_idx` (`b_idx_heart`),
  KEY `c_id_heart_idx` (`c_id_heart`),
  CONSTRAINT `b_idx_heart` FOREIGN KEY (`b_idx_heart`) REFERENCES `board` (`b_idx`) ON DELETE CASCADE,
  CONSTRAINT `fk_board_heart_customer` FOREIGN KEY (`c_id_heart`) REFERENCES `customer` (`id`) ON DELETE CASCADE
) ENGINE=InnoDB AUTO_INCREMENT=120 DEFAULT CHARSET=utf8mb4 COLLATE=utf8mb4_0900_ai_ci;
/*!40101 SET character_set_client = @saved_cs_client */;

--
-- Dumping data for table `board_heart`
--

LOCK TABLES `board_heart` WRITE;
/*!40000 ALTER TABLE `board_heart` DISABLE KEYS */;
INSERT INTO `board_heart` VALUES (38,52,9,'y'),(39,53,9,'y'),(40,53,10,'y'),(41,53,2,'y'),(42,53,2,'y'),(43,54,12,'y'),(44,57,4,'y'),(45,55,4,'y'),(46,54,4,'y'),(47,53,4,'y'),(48,52,4,'y'),(49,57,13,'y'),(50,55,13,'y'),(51,52,13,'y'),(52,53,13,'y'),(53,54,13,'y'),(54,59,13,'y'),(55,59,14,'y'),(56,57,14,'y'),(57,55,14,'y'),(58,52,14,'y'),(59,53,14,'y'),(60,54,14,'y'),(61,60,24,'y'),(62,61,24,'y'),(63,62,24,'y'),(64,63,24,'y'),(65,64,24,'y'),(66,65,24,'y'),(67,66,24,'y'),(68,67,24,'y'),(69,68,24,'y'),(70,69,24,'y'),(71,70,24,'y'),(72,71,24,'y'),(73,72,24,'y'),(74,63,2,'y'),(75,60,2,'y'),(76,71,2,'y'),(77,70,1,'y'),(78,55,25,'y'),(79,53,25,'y'),(80,52,25,'y'),(81,54,25,'y'),(82,57,25,'y'),(83,59,25,'y'),(84,60,25,'y'),(85,72,1,'y'),(86,71,1,'y'),(87,61,25,'y'),(88,69,1,'y'),(89,62,25,'y'),(90,68,1,'y'),(91,63,25,'y'),(92,67,1,'y'),(93,66,1,'y'),(94,65,1,'y'),(95,64,1,'y'),(96,63,1,'y'),(97,64,25,'y'),(98,62,1,'y'),(99,61,1,'y'),(100,60,1,'y'),(101,59,1,'y'),(102,65,25,'y'),(103,57,1,'y'),(104,55,1,'y'),(105,54,1,'y'),(106,72,25,'y'),(107,53,1,'y'),(108,52,1,'y'),(109,71,25,'y'),(110,70,25,'n'),(111,69,25,'y'),(112,72,4,'y'),(113,53,27,'y'),(114,72,29,'y'),(115,67,29,'y'),(116,71,30,'y'),(117,53,35,'y'),(118,69,35,'y'),(119,52,37,'y');
/*!40000 ALTER TABLE `board_heart` ENABLE KEYS */;
UNLOCK TABLES;

--
-- Table structure for table `cart`
--

DROP TABLE IF EXISTS `cart`;
/*!40101 SET @saved_cs_client     = @@character_set_client */;
/*!50503 SET character_set_client = utf8mb4 */;
CREATE TABLE `cart` (
  `cart_idx` int NOT NULL AUTO_INCREMENT,
  `c_id_cart` int NOT NULL,
  `p_id_cart` int NOT NULL,
  `cart_color` varchar(500) DEFAULT NULL,
  `cart_size` varchar(500) DEFAULT NULL,
  PRIMARY KEY (`cart_idx`),
  KEY `c_id_cart_idx` (`c_id_cart`),
  KEY `p_id_cart_idx` (`p_id_cart`),
  CONSTRAINT `fk_cart_customer` FOREIGN KEY (`c_id_cart`) REFERENCES `customer` (`id`) ON DELETE CASCADE,
  CONSTRAINT `p_id_cart` FOREIGN KEY (`p_id_cart`) REFERENCES `product` (`p_id`) ON DELETE CASCADE
) ENGINE=InnoDB AUTO_INCREMENT=215 DEFAULT CHARSET=utf8mb4 COLLATE=utf8mb4_0900_ai_ci;
/*!40101 SET character_set_client = @saved_cs_client */;

--
-- Dumping data for table `cart`
--

LOCK TABLES `cart` WRITE;
/*!40000 ALTER TABLE `cart` DISABLE KEYS */;
INSERT INTO `cart` VALUES (117,1,198,'Red','48'),(118,1,198,'Red','48'),(119,1,198,'Yellow','48'),(130,3,182,'Black','L'),(155,5,190,'Khaki','XS'),(173,5,190,'Khaki','XS'),(174,5,172,'Light Gray','44'),(175,5,180,'Pale Pink','M'),(176,5,180,'Ivory','S'),(177,5,138,'Blue','Small'),(184,24,198,'Gray','52'),(195,30,156,'Blue','Large'),(196,31,177,'Fuchsia','M'),(199,32,178,'Black','M'),(200,33,180,'Ivory','S'),(201,34,144,'Burgundy','Large'),(202,34,148,'Black','One Size'),(203,34,138,'Blue','Large'),(204,34,160,'Dark Blue','36');
/*!40000 ALTER TABLE `cart` ENABLE KEYS */;
UNLOCK TABLES;

--
-- Table structure for table `color`
--

DROP TABLE IF EXISTS `color`;
/*!40101 SET @saved_cs_client     = @@character_set_client */;
/*!50503 SET character_set_client = utf8mb4 */;
CREATE TABLE `color` (
  `color_idx` int NOT NULL AUTO_INCREMENT,
  `color_name` varchar(255) DEFAULT NULL,
  PRIMARY KEY (`color_idx`),
  UNIQUE KEY `color_name_UNIQUE` (`color_name`)
) ENGINE=InnoDB AUTO_INCREMENT=61 DEFAULT CHARSET=utf8mb4 COLLATE=utf8mb4_0900_ai_ci;
/*!40101 SET character_set_client = @saved_cs_client */;

--
-- Dumping data for table `color`
--

LOCK TABLES `color` WRITE;
/*!40000 ALTER TABLE `color` DISABLE KEYS */;
INSERT INTO `color` VALUES (51,'Ash'),(46,'Baby Blue'),(37,'Baby Pink'),(8,'Beige'),(58,'Black'),(33,'Black/Red'),(7,'Blue'),(59,'Blue Green'),(34,'Blue/Brown'),(16,'Brown'),(15,'Burgundy'),(50,'Charcoal'),(48,'Coquette White'),(47,'Coral'),(11,'Cream'),(26,'Dark Blue'),(13,'Dark Green'),(55,'Dirty White'),(49,'Dusty Purple'),(29,'Face Powder'),(57,'Forest Camo'),(36,'Fuchsia'),(24,'Gray'),(41,'Gray Dot'),(25,'Green'),(52,'Ice Blue'),(23,'Indigo'),(38,'Ivory'),(14,'Khaki'),(22,'Light Blue'),(60,'Light Gray'),(56,'Mauve'),(31,'Medium Blue'),(19,'Melange Gray'),(53,'Mid Blue'),(54,'Mocha'),(6,'Navy'),(42,'Navy Dot'),(35,'Neon Green'),(27,'Night Blue'),(17,'Olive'),(9,'Orange'),(40,'Pale Mint'),(39,'Pale Pink'),(4,'Pink'),(21,'Purple'),(43,'Raw'),(44,'Raw/Dusty Navy'),(10,'Red'),(45,'Sage'),(12,'Salmon'),(20,'Sky Blue'),(30,'Violet'),(18,'White'),(28,'White/Black'),(32,'White/Red'),(5,'Yellow');
/*!40000 ALTER TABLE `color` ENABLE KEYS */;
UNLOCK TABLES;

--
-- Table structure for table `customer`
--

DROP TABLE IF EXISTS `customer`;
/*!40101 SET @saved_cs_client     = @@character_set_client */;
/*!50503 SET character_set_client = utf8mb4 */;
CREATE TABLE `customer` (
  `c_name` varchar(500) NOT NULL,
  `addr` varchar(500) NOT NULL,
  `email` varchar(500) DEFAULT NULL,
  `phone` varchar(500) DEFAULT NULL,
  `point` int DEFAULT NULL,
  `coupon_yn` varchar(50) NOT NULL DEFAULT 'Y',
  `pass` varchar(500) NOT NULL,
  `id` int NOT NULL AUTO_INCREMENT,
  `user_id` varchar(255) NOT NULL,
  PRIMARY KEY (`id`),
  UNIQUE KEY `user_id_UNIQUE` (`user_id`)
) ENGINE=InnoDB AUTO_INCREMENT=38 DEFAULT CHARSET=utf8mb4 COLLATE=utf8mb4_0900_ai_ci;
/*!40101 SET character_set_client = @saved_cs_client */;

--
-- Dumping data for table `customer`
--

LOCK TABLES `customer` WRITE;
/*!40000 ALTER TABLE `customer` DISABLE KEYS */;
INSERT INTO `customer` VALUES ('진가연','진가연의 주소','jin@naver.com','010-0000-0000',0,'n','1234',1,'jin59'),('1111','000031','22223@nave.com','000031',0,'N','1111',2,'1111'),('찬우','텍서터 1번 주소','1414@naver.com','010 8888 8888',0,'n','1313',3,'1414'),('admin','admin','test@naver.com','admin',0,'Y','test1',4,'admin'),('2222','3333','3333@2222.com','3333',0,'N','2222',5,'2222'),('테스트50','주소','test50@naver.com','010-0000-0000',0,'Y','0000',6,'test50'),('구구','9999','9999@9999','9999',0,'Y','9999',7,'9999'),('crescent','crescent','crescent','crescent',0,'Y','crescent',8,'crescent'),('blue','blue','blue','blue',0,'Y','blue',9,'blue'),('winter','winter','winter','winter',0,'Y','winter',10,'winter'),('dara','dara','dara','dara',0,'Y','dara',11,'dara'),('sunny','sunny','sunny','sunny',0,'Y','sunny',12,'sunny'),('diesel','diesel','diesel','diesel',0,'Y','diesel',13,'diesel'),('sculptor','sculptor','sculptor','sculptor',0,'Y','sculptor',14,'sculptor'),('mirror','mirror','mirror@mirror.com','0000',0,'Y','mirror',15,'mirror'),('crocs','crocs','crocs','crocs',0,'Y','crocs',16,'crocs'),('starr','starr','starr','starr',0,'Y','starr',17,'starr'),('americano','americano','americano','americano',0,'Y','americano',18,'americano'),('itjoa','itjoa','itjoa','itjoa',0,'Y','itjoa',19,'itjoa'),('protin','protin','protin','protin',0,'Y','protin',20,'protin'),('newyork','newyork','newyork','newyork',0,'Y','newyork',21,'newyork'),('starbucks','starbucks','starbucks','starbucks',0,'Y','starbucks',22,'starbucks'),('street','street','street','street',0,'Y','street',23,'street'),('YAMAL','스페인','YAMAL@NAVER.COM','010 7777 7777',0,'Y','1234',24,'YAMAL'),('dal','dal','dal','dal',0,'Y','1234',25,'dal'),('dalbit','dal','dal','1234',0,'Y','1234',26,'dalbit'),('ddd','ddd','ddd@ddd','ddd',0,'Y','ddd',27,'ddd'),('jun','1234','1234','1234',0,'Y','1234',28,'1234'),('ttt','ttt','ttt@ttt','010',0,'Y','ttt',29,'ttt'),('tttt','ttt','tttt@ttt','000',0,'Y','tttt',30,'tttt'),('aaa','aaa','aaa@aaa','000',0,'Y','aaa',31,'aaa'),('zzz','zzz','zzz@zzz','000',0,'Y','zzz',32,'zzz'),('xxx','xxx','xxx@xxx','000',0,'Y','xxx',33,'xxx'),('bb','bb','bb@bb','000',0,'Y','bb',34,'bb'),('www','www','www@zzz','000',0,'Y','www',35,'www'),('vvv','vvv','vvv@vvv','000',0,'Y','vvv',36,'vvv'),('ccc','ccc','ccc@www','000',0,'Y','ccc',37,'ccc');
/*!40000 ALTER TABLE `customer` ENABLE KEYS */;
UNLOCK TABLES;

--
-- Table structure for table `history`
--

DROP TABLE IF EXISTS `history`;
/*!40101 SET @saved_cs_client     = @@character_set_client */;
/*!50503 SET character_set_client = utf8mb4 */;
CREATE TABLE `history` (
  `history_idx` int NOT NULL AUTO_INCREMENT,
  `c_id_history` int NOT NULL,
  `p_id_history` int NOT NULL,
  `history_date` datetime NOT NULL,
  PRIMARY KEY (`history_idx`),
  KEY `c_id_history_idx` (`c_id_history`),
  KEY `p_id_history_idx` (`p_id_history`),
  CONSTRAINT `fk_history_customer` FOREIGN KEY (`c_id_history`) REFERENCES `customer` (`id`) ON DELETE CASCADE,
  CONSTRAINT `p_id_history` FOREIGN KEY (`p_id_history`) REFERENCES `product` (`p_id`) ON DELETE CASCADE
) ENGINE=InnoDB AUTO_INCREMENT=515 DEFAULT CHARSET=utf8mb4 COLLATE=utf8mb4_0900_ai_ci;
/*!40101 SET character_set_client = @saved_cs_client */;

--
-- Dumping data for table `history`
--

LOCK TABLES `history` WRITE;
/*!40000 ALTER TABLE `history` DISABLE KEYS */;
INSERT INTO `history` VALUES (35,2,198,'2025-07-18 05:18:55'),(36,2,198,'2025-07-18 05:21:43'),(37,2,198,'2025-07-18 05:21:56'),(38,2,198,'2025-07-18 05:23:00'),(39,2,197,'2025-07-18 05:40:45'),(40,2,197,'2025-07-18 05:41:46'),(41,2,197,'2025-07-18 05:42:52'),(42,2,197,'2025-07-18 05:45:09'),(43,2,198,'2025-07-18 05:47:27'),(44,2,197,'2025-07-18 05:49:29'),(45,2,197,'2025-07-18 05:52:31'),(46,2,198,'2025-07-18 05:52:52'),(47,3,198,'2025-07-18 08:19:49'),(48,3,197,'2025-07-18 08:19:54'),(49,3,198,'2025-07-18 08:25:16'),(51,2,198,'2025-07-18 08:32:11'),(52,2,146,'2025-07-18 09:20:04'),(53,2,186,'2025-07-18 09:20:05'),(54,2,197,'2025-07-18 10:30:27'),(56,2,197,'2025-07-18 10:57:37'),(58,2,197,'2025-07-18 11:45:09'),(59,2,195,'2025-07-18 11:45:15'),(60,2,198,'2025-07-18 11:45:20'),(61,2,198,'2025-07-18 11:51:15'),(62,2,198,'2025-07-18 11:51:35'),(63,5,182,'2025-07-18 11:51:36'),(64,5,140,'2025-07-18 11:51:55'),(65,2,198,'2025-07-18 11:54:56'),(66,2,198,'2025-07-18 11:56:59'),(67,2,198,'2025-07-18 11:58:02'),(68,2,198,'2025-07-18 11:58:17'),(69,2,198,'2025-07-18 11:58:34'),(70,2,198,'2025-07-18 11:58:38'),(71,2,198,'2025-07-18 11:58:50'),(72,2,198,'2025-07-18 11:59:06'),(73,2,197,'2025-07-18 11:59:48'),(74,2,198,'2025-07-18 12:00:18'),(75,2,198,'2025-07-18 12:06:20'),(76,2,198,'2025-07-18 12:06:31'),(77,2,198,'2025-07-18 12:07:31'),(78,2,198,'2025-07-18 12:09:26'),(79,2,197,'2025-07-18 12:10:20'),(80,2,197,'2025-07-18 12:10:31'),(81,2,194,'2025-07-18 12:10:35'),(82,3,197,'2025-07-18 12:10:44'),(83,2,197,'2025-07-18 12:10:44'),(84,2,188,'2025-07-18 12:10:57'),(85,2,188,'2025-07-18 12:11:06'),(86,2,197,'2025-07-18 12:13:54'),(87,5,197,'2025-07-18 12:19:20'),(88,2,198,'2025-07-18 12:20:00'),(89,5,197,'2025-07-18 12:20:29'),(90,2,198,'2025-07-18 12:21:41'),(91,2,198,'2025-07-18 12:21:51'),(92,2,197,'2025-07-18 12:22:04'),(93,2,197,'2025-07-18 12:22:25'),(94,2,198,'2025-07-18 12:29:19'),(95,2,198,'2025-07-18 12:29:50'),(96,2,198,'2025-07-18 12:30:30'),(97,2,198,'2025-07-18 12:30:40'),(98,2,198,'2025-07-18 12:36:46'),(99,2,195,'2025-07-18 12:41:58'),(100,2,197,'2025-07-18 12:42:13'),(101,2,195,'2025-07-18 12:42:27'),(102,2,198,'2025-07-18 12:55:32'),(103,2,198,'2025-07-18 12:55:41'),(104,2,198,'2025-07-18 12:55:56'),(105,2,198,'2025-07-18 12:56:23'),(106,2,198,'2025-07-18 12:56:34'),(107,2,198,'2025-07-18 12:59:44'),(108,2,197,'2025-07-18 12:59:55'),(109,2,195,'2025-07-18 13:03:22'),(110,2,174,'2025-07-18 13:03:42'),(111,2,195,'2025-07-18 13:07:32'),(112,2,195,'2025-07-18 13:07:48'),(113,2,198,'2025-07-18 13:08:02'),(114,5,197,'2025-07-18 13:24:17'),(115,2,198,'2025-07-18 13:26:50'),(116,2,198,'2025-07-18 13:26:57'),(117,2,198,'2025-07-18 13:27:27'),(118,2,198,'2025-07-18 13:27:29'),(119,2,167,'2025-07-18 13:27:41'),(120,2,175,'2025-07-18 13:27:57'),(121,2,172,'2025-07-18 13:28:20'),(122,2,197,'2025-07-18 13:31:46'),(123,2,174,'2025-07-18 13:31:56'),(124,2,197,'2025-07-18 13:33:03'),(125,2,197,'2025-07-18 13:35:15'),(126,5,198,'2025-07-18 13:38:16'),(129,5,197,'2025-07-18 13:47:48'),(130,2,198,'2025-07-18 14:01:08'),(131,2,197,'2025-07-18 14:02:17'),(133,2,156,'2025-07-18 14:03:03'),(135,5,182,'2025-07-18 14:03:42'),(136,4,197,'2025-07-18 14:08:57'),(137,2,191,'2025-07-18 14:11:10'),(138,2,180,'2025-07-18 14:11:36'),(139,2,197,'2025-07-18 14:13:04'),(140,2,186,'2025-07-18 14:13:13'),(141,2,180,'2025-07-18 14:13:21'),(142,2,181,'2025-07-18 14:13:28'),(143,2,198,'2025-07-18 14:13:57'),(144,2,198,'2025-07-18 14:14:08'),(145,2,198,'2025-07-18 14:14:49'),(146,2,195,'2025-07-18 14:14:56'),(147,2,195,'2025-07-18 14:15:09'),(148,2,198,'2025-07-18 14:16:40'),(149,2,172,'2025-07-18 14:18:07'),(150,2,197,'2025-07-18 14:18:12'),(151,2,198,'2025-07-18 14:18:38'),(153,2,197,'2025-07-18 14:18:43'),(154,2,197,'2025-07-18 14:19:00'),(155,2,197,'2025-07-18 14:19:03'),(156,2,198,'2025-07-18 14:19:11'),(157,2,198,'2025-07-18 14:19:46'),(158,2,198,'2025-07-18 14:19:52'),(159,2,198,'2025-07-18 14:21:00'),(160,5,182,'2025-07-18 14:21:01'),(162,2,198,'2025-07-18 14:22:09'),(163,2,198,'2025-07-18 14:22:11'),(164,2,198,'2025-07-18 14:22:38'),(165,2,198,'2025-07-18 14:23:58'),(166,2,198,'2025-07-18 14:24:00'),(167,2,198,'2025-07-18 14:24:45'),(168,2,198,'2025-07-18 14:25:29'),(169,2,198,'2025-07-18 14:25:58'),(170,2,198,'2025-07-18 14:26:14'),(171,2,158,'2025-07-18 14:26:17'),(172,2,192,'2025-07-18 14:26:25'),(173,2,190,'2025-07-18 14:26:33'),(174,2,172,'2025-07-18 14:26:42'),(175,2,197,'2025-07-18 14:28:26'),(176,2,154,'2025-07-18 14:35:37'),(177,2,197,'2025-07-18 14:36:46'),(181,2,198,'2025-07-18 14:48:57'),(182,2,157,'2025-07-18 14:48:59'),(183,2,160,'2025-07-18 14:49:01'),(186,2,197,'2025-07-18 14:56:27'),(187,2,193,'2025-07-18 14:56:42'),(188,2,192,'2025-07-18 14:56:50'),(189,2,190,'2025-07-18 14:56:54'),(190,2,183,'2025-07-18 14:57:00'),(191,2,168,'2025-07-18 14:57:08'),(192,2,197,'2025-07-18 14:57:17'),(193,2,197,'2025-07-18 14:59:30'),(194,2,197,'2025-07-18 15:00:05'),(195,2,186,'2025-07-18 15:00:31'),(196,2,182,'2025-07-18 15:01:58'),(197,2,197,'2025-07-18 15:04:00'),(198,2,147,'2025-07-18 15:05:42'),(199,2,146,'2025-07-18 15:05:44'),(200,2,147,'2025-07-18 15:08:01'),(201,2,198,'2025-07-18 15:30:23'),(202,2,160,'2025-07-18 15:30:33'),(203,2,197,'2025-07-18 15:41:52'),(204,2,197,'2025-07-18 15:42:31'),(205,2,197,'2025-07-18 15:42:32'),(206,2,197,'2025-07-18 15:42:33'),(207,2,197,'2025-07-18 15:42:52'),(208,2,197,'2025-07-18 15:42:53'),(209,2,197,'2025-07-18 15:42:54'),(210,2,197,'2025-07-18 15:43:42'),(211,2,197,'2025-07-18 15:43:43'),(212,2,197,'2025-07-18 15:44:00'),(213,2,197,'2025-07-18 15:44:00'),(214,2,197,'2025-07-18 15:44:01'),(215,2,197,'2025-07-18 15:44:29'),(216,2,197,'2025-07-18 15:44:30'),(217,2,197,'2025-07-18 15:44:30'),(218,2,197,'2025-07-18 15:44:56'),(219,2,197,'2025-07-18 15:44:56'),(220,2,197,'2025-07-18 15:44:56'),(221,2,197,'2025-07-18 15:44:56'),(222,2,197,'2025-07-18 15:44:56'),(223,2,197,'2025-07-18 15:50:44'),(224,2,193,'2025-07-18 15:51:58'),(225,2,193,'2025-07-18 15:52:14'),(226,7,197,'2025-07-18 15:55:15'),(227,2,197,'2025-07-18 15:56:11'),(228,2,197,'2025-07-18 15:57:13'),(229,2,197,'2025-07-18 15:57:14'),(230,2,197,'2025-07-18 15:57:25'),(231,2,197,'2025-07-18 15:57:25'),(232,2,197,'2025-07-18 15:57:26'),(233,2,197,'2025-07-18 15:57:37'),(234,2,197,'2025-07-18 15:57:37'),(235,2,197,'2025-07-18 15:57:38'),(236,2,197,'2025-07-18 15:57:53'),(237,2,197,'2025-07-18 15:57:54'),(238,2,197,'2025-07-18 15:57:54'),(239,2,197,'2025-07-18 15:57:55'),(240,2,197,'2025-07-18 15:57:55'),(241,2,197,'2025-07-18 15:57:57'),(242,2,197,'2025-07-18 15:58:04'),(243,2,197,'2025-07-18 15:58:05'),(244,2,197,'2025-07-18 15:58:06'),(245,2,197,'2025-07-18 15:58:15'),(246,2,197,'2025-07-18 15:58:16'),(247,2,197,'2025-07-18 15:58:16'),(248,2,197,'2025-07-18 15:58:22'),(249,2,197,'2025-07-18 15:58:23'),(250,2,197,'2025-07-18 15:58:59'),(251,2,197,'2025-07-18 15:59:00'),(252,2,198,'2025-07-18 15:59:04'),(253,2,198,'2025-07-18 15:59:28'),(254,2,198,'2025-07-18 15:59:29'),(255,2,198,'2025-07-18 15:59:30'),(256,2,198,'2025-07-18 15:59:42'),(257,2,198,'2025-07-18 15:59:43'),(258,2,198,'2025-07-18 15:59:43'),(259,2,198,'2025-07-18 15:59:45'),(260,2,198,'2025-07-18 15:59:51'),(261,2,198,'2025-07-18 15:59:51'),(262,2,198,'2025-07-18 15:59:52'),(263,2,198,'2025-07-18 16:00:33'),(264,2,198,'2025-07-18 16:00:34'),(265,2,198,'2025-07-18 16:01:29'),(266,2,198,'2025-07-18 16:01:30'),(267,2,198,'2025-07-18 16:01:31'),(268,2,198,'2025-07-18 16:01:32'),(269,2,198,'2025-07-18 16:01:52'),(270,2,198,'2025-07-18 16:01:53'),(271,2,198,'2025-07-18 16:01:53'),(272,5,190,'2025-07-18 16:02:06'),(273,5,172,'2025-07-18 16:02:17'),(274,2,198,'2025-07-18 16:02:26'),(275,2,198,'2025-07-18 16:02:27'),(276,2,198,'2025-07-18 16:02:28'),(277,5,180,'2025-07-18 16:02:43'),(278,2,198,'2025-07-18 16:03:09'),(279,2,198,'2025-07-18 16:03:09'),(280,5,138,'2025-07-18 16:03:09'),(281,2,198,'2025-07-18 16:03:11'),(282,2,198,'2025-07-18 16:03:24'),(283,2,198,'2025-07-18 16:03:24'),(284,2,198,'2025-07-18 16:03:25'),(285,2,198,'2025-07-18 16:03:34'),(286,2,198,'2025-07-18 16:03:34'),(287,2,198,'2025-07-18 16:03:35'),(288,2,198,'2025-07-18 16:03:37'),(289,2,198,'2025-07-18 16:03:37'),(290,2,198,'2025-07-18 16:03:48'),(291,2,198,'2025-07-18 16:03:48'),(292,2,198,'2025-07-18 16:03:49'),(293,2,198,'2025-07-18 16:03:51'),(294,2,198,'2025-07-18 16:03:57'),(295,2,198,'2025-07-18 16:03:57'),(296,2,198,'2025-07-18 16:03:57'),(297,2,198,'2025-07-18 16:03:58'),(298,2,198,'2025-07-18 16:04:00'),(299,2,197,'2025-07-18 16:04:15'),(300,2,197,'2025-07-18 16:06:36'),(301,2,197,'2025-07-18 16:06:36'),(302,2,197,'2025-07-18 16:06:42'),(303,2,197,'2025-07-18 16:06:43'),(304,2,197,'2025-07-18 16:06:44'),(305,2,197,'2025-07-18 16:06:53'),(306,2,197,'2025-07-18 16:06:54'),(307,2,197,'2025-07-18 16:07:48'),(308,2,197,'2025-07-18 16:07:49'),(309,2,197,'2025-07-18 16:07:51'),(310,2,197,'2025-07-18 16:07:52'),(311,2,197,'2025-07-18 16:07:53'),(312,2,197,'2025-07-18 16:07:59'),(313,2,197,'2025-07-18 16:07:59'),(314,2,197,'2025-07-18 16:08:00'),(315,2,198,'2025-07-18 16:08:03'),(316,2,197,'2025-07-18 16:08:35'),(317,2,197,'2025-07-18 16:08:36'),(318,2,197,'2025-07-18 16:08:36'),(319,2,197,'2025-07-18 16:08:40'),(320,2,197,'2025-07-18 16:08:41'),(321,2,197,'2025-07-18 16:09:36'),(322,2,197,'2025-07-18 16:09:37'),(323,2,197,'2025-07-18 16:10:14'),(324,2,197,'2025-07-18 16:10:15'),(325,2,197,'2025-07-18 16:10:15'),(326,2,197,'2025-07-18 16:10:26'),(327,2,197,'2025-07-18 16:10:26'),(328,2,197,'2025-07-18 16:10:27'),(329,2,197,'2025-07-18 16:10:27'),(330,2,197,'2025-07-18 16:10:30'),(331,2,197,'2025-07-18 16:11:16'),(332,2,197,'2025-07-18 16:11:17'),(333,2,197,'2025-07-18 16:11:17'),(334,2,197,'2025-07-18 16:11:18'),(335,2,197,'2025-07-18 16:11:19'),(336,2,197,'2025-07-18 16:11:34'),(337,2,197,'2025-07-18 16:11:34'),(338,2,197,'2025-07-18 16:11:35'),(339,2,197,'2025-07-18 16:11:36'),(340,2,197,'2025-07-18 16:12:02'),(341,2,197,'2025-07-18 16:12:04'),(342,2,197,'2025-07-18 16:12:04'),(343,2,197,'2025-07-18 16:12:14'),(344,2,197,'2025-07-18 16:12:27'),(345,2,197,'2025-07-18 16:12:32'),(346,2,197,'2025-07-18 16:13:24'),(347,2,197,'2025-07-18 16:13:27'),(348,2,197,'2025-07-18 16:13:27'),(349,2,197,'2025-07-18 16:13:28'),(350,2,197,'2025-07-18 16:13:28'),(351,2,197,'2025-07-18 16:13:29'),(352,2,197,'2025-07-18 16:13:36'),(353,2,197,'2025-07-18 16:13:36'),(354,2,197,'2025-07-18 16:13:37'),(355,2,197,'2025-07-18 16:13:37'),(356,2,197,'2025-07-18 16:13:39'),(357,2,197,'2025-07-18 16:13:40'),(358,2,197,'2025-07-18 16:13:41'),(359,2,197,'2025-07-18 16:13:48'),(360,2,197,'2025-07-18 16:13:50'),(361,2,197,'2025-07-18 16:13:51'),(362,2,197,'2025-07-18 16:14:07'),(363,2,197,'2025-07-18 16:14:08'),(364,2,197,'2025-07-18 16:14:09'),(365,2,197,'2025-07-18 16:14:10'),(366,2,197,'2025-07-18 16:14:10'),(367,2,197,'2025-07-18 16:14:54'),(368,2,197,'2025-07-18 16:14:55'),(369,2,197,'2025-07-18 16:15:30'),(370,2,197,'2025-07-18 16:15:30'),(371,2,197,'2025-07-18 16:15:31'),(372,2,197,'2025-07-18 16:16:00'),(373,2,197,'2025-07-18 16:16:01'),(374,2,197,'2025-07-18 16:17:46'),(375,2,197,'2025-07-18 16:17:46'),(376,2,197,'2025-07-18 16:17:47'),(377,2,197,'2025-07-18 16:17:49'),(378,2,197,'2025-07-18 16:17:53'),(379,2,197,'2025-07-18 16:17:54'),(380,2,197,'2025-07-18 16:17:55'),(381,2,197,'2025-07-18 16:17:56'),(382,2,197,'2025-07-18 16:18:08'),(383,2,197,'2025-07-18 16:18:09'),(384,2,197,'2025-07-18 16:18:09'),(385,2,197,'2025-07-18 16:18:10'),(386,2,197,'2025-07-18 16:18:10'),(387,2,197,'2025-07-18 16:18:12'),(388,2,197,'2025-07-18 16:18:16'),(389,2,197,'2025-07-18 16:18:17'),(390,2,197,'2025-07-18 16:18:18'),(391,2,197,'2025-07-18 16:18:21'),(392,2,197,'2025-07-18 16:18:22'),(393,2,197,'2025-07-18 16:19:53'),(394,2,197,'2025-07-18 16:19:54'),(395,2,197,'2025-07-18 16:19:54'),(396,2,197,'2025-07-18 16:19:55'),(397,2,197,'2025-07-18 16:19:56'),(398,2,197,'2025-07-18 16:19:57'),(399,2,197,'2025-07-18 16:20:37'),(400,2,197,'2025-07-18 16:20:38'),(401,2,197,'2025-07-18 16:20:39'),(402,2,197,'2025-07-18 16:20:40'),(403,2,197,'2025-07-18 16:20:45'),(404,2,197,'2025-07-18 16:20:46'),(405,2,197,'2025-07-18 16:20:46'),(406,2,197,'2025-07-18 16:20:54'),(407,2,197,'2025-07-18 16:20:55'),(408,2,197,'2025-07-18 16:20:57'),(409,2,197,'2025-07-18 16:20:57'),(410,2,197,'2025-07-18 16:20:58'),(411,2,197,'2025-07-18 16:21:13'),(412,2,197,'2025-07-18 16:21:14'),(413,2,197,'2025-07-18 16:21:14'),(414,2,197,'2025-07-18 16:21:15'),(415,2,197,'2025-07-18 16:21:16'),(416,2,197,'2025-07-18 16:23:08'),(417,2,197,'2025-07-18 16:23:09'),(418,2,197,'2025-07-18 16:23:44'),(419,2,197,'2025-07-18 16:23:45'),(420,2,197,'2025-07-18 16:23:45'),(421,2,198,'2025-07-18 16:25:11'),(422,5,198,'2025-07-18 16:25:25'),(423,2,198,'2025-07-18 16:25:37'),(424,2,198,'2025-07-18 16:25:38'),(425,2,195,'2025-07-18 16:25:42'),(426,2,182,'2025-07-18 16:41:35'),(427,2,198,'2025-07-18 16:44:47'),(428,2,189,'2025-07-18 16:46:58'),(429,2,197,'2025-07-18 16:52:04'),(430,2,187,'2025-07-18 16:53:18'),(431,2,185,'2025-07-18 16:59:49'),(432,2,174,'2025-07-18 17:02:38'),(433,4,187,'2025-07-19 06:11:45'),(434,4,189,'2025-07-19 06:12:00'),(435,8,197,'2025-07-19 06:54:23'),(436,8,197,'2025-07-19 06:55:28'),(437,8,197,'2025-07-19 06:55:29'),(438,2,198,'2025-07-19 07:50:08'),(439,2,198,'2025-07-19 07:50:09'),(440,24,198,'2025-07-20 06:26:11'),(441,24,197,'2025-07-20 06:27:37'),(442,4,188,'2025-07-20 06:35:12'),(443,2,198,'2025-07-21 00:06:20'),(447,29,182,'2025-07-21 06:01:11'),(448,29,178,'2025-07-21 06:01:24'),(449,29,197,'2025-07-21 06:01:48'),(450,29,151,'2025-07-21 06:01:55'),(451,29,175,'2025-07-21 06:02:21'),(452,29,147,'2025-07-21 06:03:19'),(453,25,180,'2025-07-21 06:08:23'),(454,25,181,'2025-07-21 06:08:34'),(455,25,148,'2025-07-21 06:08:55'),(456,25,186,'2025-07-21 06:09:11'),(457,25,184,'2025-07-21 06:09:24'),(459,29,190,'2025-07-21 06:13:26'),(460,29,161,'2025-07-21 06:13:35'),(461,29,157,'2025-07-21 06:13:39'),(462,29,147,'2025-07-21 06:13:55'),(465,30,145,'2025-07-21 06:18:26'),(466,30,156,'2025-07-21 06:18:41'),(467,30,152,'2025-07-21 06:18:49'),(468,31,180,'2025-07-21 06:20:23'),(469,31,177,'2025-07-21 06:20:31'),(470,31,145,'2025-07-21 06:20:49'),(471,31,192,'2025-07-21 06:21:00'),(472,31,175,'2025-07-21 06:21:12'),(473,1,182,'2025-07-21 06:23:13'),(474,32,178,'2025-07-21 06:25:16'),(475,2,181,'2025-07-21 06:26:19'),(476,2,181,'2025-07-21 06:26:22'),(477,32,178,'2025-07-21 06:27:20'),(478,32,197,'2025-07-21 06:27:31'),(479,33,180,'2025-07-21 06:31:19'),(480,33,178,'2025-07-21 06:31:31'),(481,2,181,'2025-07-21 06:31:42'),(482,33,194,'2025-07-21 06:32:03'),(483,2,182,'2025-07-21 06:32:15'),(484,33,194,'2025-07-21 06:33:06'),(485,32,178,'2025-07-21 06:33:21'),(486,2,182,'2025-07-21 06:33:42'),(487,2,182,'2025-07-21 06:33:59'),(488,2,182,'2025-07-21 06:34:04'),(489,2,182,'2025-07-21 06:34:13'),(490,2,182,'2025-07-21 06:44:42'),(491,2,181,'2025-07-21 06:44:47'),(492,2,197,'2025-07-21 06:46:17'),(493,34,144,'2025-07-21 06:52:56'),(494,34,148,'2025-07-21 06:53:05'),(495,34,138,'2025-07-21 06:53:32'),(496,34,194,'2025-07-21 06:53:47'),(497,34,160,'2025-07-21 06:54:04'),(498,35,138,'2025-07-21 06:57:35'),(499,35,140,'2025-07-21 06:57:44'),(500,35,175,'2025-07-21 06:57:53'),(501,35,142,'2025-07-21 06:58:11'),(502,35,194,'2025-07-21 06:58:25'),(503,35,198,'2025-07-21 06:58:39'),(505,37,146,'2025-07-21 07:04:29'),(506,37,144,'2025-07-21 07:04:38'),(507,37,152,'2025-07-21 07:05:00'),(508,37,178,'2025-07-21 07:05:18'),(509,37,166,'2025-07-21 07:05:29'),(510,37,147,'2025-07-21 07:05:46'),(511,37,144,'2025-07-21 07:05:56'),(514,4,195,'2025-07-21 07:12:17');
/*!40000 ALTER TABLE `history` ENABLE KEYS */;
UNLOCK TABLES;

--
-- Table structure for table `order_detail`
--

DROP TABLE IF EXISTS `order_detail`;
/*!40101 SET @saved_cs_client     = @@character_set_client */;
/*!50503 SET character_set_client = utf8mb4 */;
CREATE TABLE `order_detail` (
  `detail_price` int NOT NULL,
  `order_detail_idx` int NOT NULL AUTO_INCREMENT,
  `order_idx_detail` int DEFAULT NULL,
  `p_count` int NOT NULL,
  `p_id_detail` int NOT NULL,
  `order_color` varchar(500) DEFAULT NULL,
  `order_size` varchar(500) DEFAULT NULL,
  `order_detailcol` varchar(45) DEFAULT NULL,
  `order_idx` int DEFAULT NULL,
  PRIMARY KEY (`order_detail_idx`),
  KEY `order_idx_detail_idx` (`order_idx_detail`),
  KEY `FKmag8hkovv10pal51n4u9rpmdb` (`order_idx`),
  KEY `p_id_detail_fk_idx` (`p_id_detail`),
  CONSTRAINT `FKmag8hkovv10pal51n4u9rpmdb` FOREIGN KEY (`order_idx`) REFERENCES `orders` (`order_idx`),
  CONSTRAINT `order_idx_detail` FOREIGN KEY (`order_idx_detail`) REFERENCES `orders` (`order_idx`),
  CONSTRAINT `p_id_detail_fk` FOREIGN KEY (`p_id_detail`) REFERENCES `product` (`p_id`)
) ENGINE=InnoDB AUTO_INCREMENT=222 DEFAULT CHARSET=utf8mb4 COLLATE=utf8mb4_0900_ai_ci;
/*!40101 SET character_set_client = @saved_cs_client */;

--
-- Dumping data for table `order_detail`
--

LOCK TABLES `order_detail` WRITE;
/*!40000 ALTER TABLE `order_detail` DISABLE KEYS */;
INSERT INTO `order_detail` VALUES (1500000,88,82,1,198,'Red','44',NULL,NULL),(1500000,89,82,1,198,'Yellow','44',NULL,NULL),(69500,90,83,1,197,'Navy','Large',NULL,NULL),(69500,91,84,1,197,'Navy','Medium',NULL,NULL),(1500000,92,85,1,198,'Red','46',NULL,NULL),(62300,93,86,1,188,'Melange Gray','S',NULL,NULL),(65600,94,87,1,189,'White','M',NULL,NULL),(65600,95,88,1,189,'White','M',NULL,NULL),(62300,96,89,1,188,'Raw','L',NULL,NULL),(1500000,97,90,1,198,'Red','48',NULL,NULL),(1500000,98,91,1,198,'Red','48',NULL,NULL),(1500000,99,91,1,198,'Red','48',NULL,NULL),(1500000,100,91,1,198,'Yellow','48',NULL,NULL),(76300,101,92,1,182,'Khaki','M',NULL,NULL),(76300,102,93,1,182,'Brown','L',NULL,NULL),(1500000,103,94,1,198,'Gray','44',NULL,NULL),(1500000,104,95,1,198,'Gray','48',NULL,NULL),(69500,105,95,1,197,'Cream','Large',NULL,NULL),(76300,106,96,1,182,'Black','L',NULL,NULL),(76300,107,97,1,182,'Black','L',NULL,NULL),(53400,108,98,1,180,'Pale Mint','M',NULL,NULL),(53400,109,99,1,180,'Pale Mint','M',NULL,NULL),(1500000,110,100,1,198,'Gray','48',NULL,NULL),(69500,111,100,1,197,'Cream','Large',NULL,NULL),(1500000,112,100,1,198,'White','50',NULL,NULL),(83300,113,100,1,181,'Navy Dot','S',NULL,NULL),(1500000,114,101,1,198,'Gray','44',NULL,NULL),(62300,115,102,1,188,'Melange Gray','M',NULL,NULL),(33000,116,103,1,186,'Coral','M',NULL,NULL),(1500000,117,104,1,198,'Gray','44',NULL,NULL),(69500,118,105,1,197,'Cream','Medium',NULL,NULL),(1500000,119,106,1,198,'Red','48',NULL,NULL),(69500,120,106,1,197,'Navy','Large',NULL,NULL),(62300,121,106,1,188,'Melange Gray','L',NULL,NULL),(62300,122,106,1,188,'Melange Gray','L',NULL,NULL),(1500000,123,107,1,198,'Red','48',NULL,NULL),(69500,124,107,1,197,'Navy','Large',NULL,NULL),(62300,125,107,1,188,'Melange Gray','L',NULL,NULL),(62300,126,107,1,188,'Melange Gray','L',NULL,NULL),(69500,127,108,1,197,'Navy','Large',NULL,NULL),(1500000,128,109,1,198,'Red','48',NULL,NULL),(69500,129,109,1,197,'Navy','Large',NULL,NULL),(62300,130,109,1,188,'Melange Gray','L',NULL,NULL),(62300,131,109,1,188,'Melange Gray','L',NULL,NULL),(1500000,132,110,1,198,'Red','48',NULL,NULL),(69500,133,110,1,197,'Navy','Large',NULL,NULL),(62300,134,110,1,188,'Melange Gray','L',NULL,NULL),(62300,135,110,1,188,'Melange Gray','L',NULL,NULL),(1500000,136,111,1,198,'Red','48',NULL,NULL),(69500,137,112,1,197,'Navy','Medium',NULL,NULL),(1500000,138,113,1,198,'Red','48',NULL,NULL),(69500,139,114,1,197,'Navy','Medium',NULL,NULL),(1500000,140,115,1,198,'Red','46',NULL,NULL),(1500000,141,116,1,198,'Gray','46',NULL,NULL),(76300,142,117,1,182,'Black','S',NULL,NULL),(104300,143,117,1,140,'Blue','Medium',NULL,NULL),(69500,144,118,1,197,'Cream','Medium',NULL,NULL),(1500000,145,119,1,198,'Gray','46',NULL,NULL),(150000,146,120,1,174,'Black','36',NULL,NULL),(76300,147,121,1,182,'Black','S',NULL,NULL),(104300,148,121,1,140,'Blue','Medium',NULL,NULL),(1500000,149,122,1,198,'Red','48',NULL,NULL),(1500000,150,122,1,198,'Red','48',NULL,NULL),(1500000,151,122,1,198,'Yellow','48',NULL,NULL),(69500,152,123,1,197,'Cream','Medium',NULL,NULL),(69500,153,124,1,197,'Cream','Medium',NULL,NULL),(69500,154,125,1,197,'Cream','Medium',NULL,NULL),(76300,155,126,1,182,'Black','S',NULL,NULL),(104300,156,126,1,140,'Blue','Medium',NULL,NULL),(76300,157,127,1,182,'Black','S',NULL,NULL),(104300,158,127,1,140,'Blue','Medium',NULL,NULL),(76300,159,128,1,182,'Black','S',NULL,NULL),(104300,160,128,1,140,'Blue','Medium',NULL,NULL),(76300,161,129,1,182,'Black','S',NULL,NULL),(104300,162,129,1,140,'Blue','Medium',NULL,NULL),(69500,163,130,1,197,'Navy','Medium',NULL,NULL),(69500,164,131,1,197,'Cream','Medium',NULL,NULL),(69500,165,132,1,197,'Cream','Medium',NULL,NULL),(150000,166,132,1,174,'Black','38',NULL,NULL),(69500,168,133,1,197,'Cream','Large',NULL,NULL),(1500000,169,134,1,198,'White','48',NULL,NULL),(1500000,170,135,1,198,'White','48',NULL,NULL),(1500000,171,136,1,198,'White','46',NULL,NULL),(59600,172,137,1,156,'Light Blue','Large',NULL,NULL),(76300,173,138,1,182,'Brown','XL',NULL,NULL),(69500,174,139,1,197,'Cream','Large',NULL,NULL),(83300,175,140,1,181,'Navy Dot','M',NULL,NULL),(1500000,176,141,1,198,'Gray','44',NULL,NULL),(69500,177,142,1,197,'Cream','Large',NULL,NULL),(69500,178,142,1,197,'Navy','Large',NULL,NULL),(69500,179,142,1,197,'Cream','Large',NULL,NULL),(33000,180,142,1,186,'Coral','M',NULL,NULL),(53400,181,142,1,180,'Ivory','S',NULL,NULL),(83300,182,142,1,181,'Navy Dot','M',NULL,NULL),(76300,183,143,1,195,'Gray','S',NULL,NULL),(76300,184,144,1,195,'Charcoal','XS',NULL,NULL),(76300,185,144,1,195,'Charcoal','S',NULL,NULL),(105600,186,145,1,192,'Ice Blue','M',NULL,NULL),(76300,187,146,1,182,'Brown','M',NULL,NULL),(83300,188,147,1,154,'Gray','Large',NULL,NULL),(1500000,189,148,1,198,'Red','46',NULL,NULL),(69500,190,149,1,197,'Navy','Large',NULL,NULL),(69500,191,150,1,197,'Cream','Large',NULL,NULL),(69500,192,151,1,197,'Navy','Medium',NULL,NULL),(69500,193,152,1,197,'Navy','Large',NULL,NULL),(69500,194,153,1,197,'Cream','Large',NULL,NULL),(69500,195,154,1,197,'Cream','Large',NULL,NULL),(69500,196,155,1,197,'Cream','Medium',NULL,NULL),(560000,197,156,1,157,'Black','48',NULL,NULL),(83300,198,157,1,178,'White','S',NULL,NULL),(55300,199,157,1,151,'Purple','Small',NULL,NULL),(800000,200,157,1,175,'Blue/Brown','36',NULL,NULL),(83300,201,158,1,181,'Gray Dot','M',NULL,NULL),(33000,202,158,1,186,'Coral','M',NULL,NULL),(520000,203,159,1,160,'Light Blue','36',NULL,NULL),(44000,204,160,1,147,'Green','Medium',NULL,NULL),(83300,205,160,1,181,'Navy Dot','M',NULL,NULL),(105600,206,161,1,192,'Mid Blue','M',NULL,NULL),(800000,207,161,1,175,'Blue/Brown','35',NULL,NULL),(69500,208,162,1,197,'Cream','Medium',NULL,NULL),(83300,209,163,1,178,'Black','L',NULL,NULL),(92400,210,164,1,194,'Black','L',NULL,NULL),(132300,211,165,1,142,'Dark Green','Medium',NULL,NULL),(90300,212,166,1,138,'Blue','Large',NULL,NULL),(104300,213,166,1,140,'Blue','Medium',NULL,NULL),(92400,214,166,1,194,'Black','M',NULL,NULL),(1500000,215,166,1,198,'Red','46',NULL,NULL),(45500,216,167,1,144,'Burgundy','Medium',NULL,NULL),(38500,217,168,1,146,'Blue','Large',NULL,NULL),(48300,218,168,1,152,'Orange','Medium',NULL,NULL),(83300,219,168,1,178,'Black','L',NULL,NULL),(180000,220,168,1,166,'Black','M',NULL,NULL),(44000,221,168,1,147,'Green','Large',NULL,NULL);
/*!40000 ALTER TABLE `order_detail` ENABLE KEYS */;
UNLOCK TABLES;

--
-- Table structure for table `order_detail_entity`
--

DROP TABLE IF EXISTS `order_detail_entity`;
/*!40101 SET @saved_cs_client     = @@character_set_client */;
/*!50503 SET character_set_client = utf8mb4 */;
CREATE TABLE `order_detail_entity` (
  `detail_price` int DEFAULT NULL,
  `p_count` int DEFAULT NULL,
  `p_id` int DEFAULT NULL,
  `id` bigint NOT NULL AUTO_INCREMENT,
  `order_idx` bigint DEFAULT NULL,
  PRIMARY KEY (`id`)
) ENGINE=InnoDB DEFAULT CHARSET=utf8mb4 COLLATE=utf8mb4_0900_ai_ci;
/*!40101 SET character_set_client = @saved_cs_client */;

--
-- Dumping data for table `order_detail_entity`
--

LOCK TABLES `order_detail_entity` WRITE;
/*!40000 ALTER TABLE `order_detail_entity` DISABLE KEYS */;
/*!40000 ALTER TABLE `order_detail_entity` ENABLE KEYS */;
UNLOCK TABLES;

--
-- Table structure for table `orders`
--

DROP TABLE IF EXISTS `orders`;
/*!40101 SET @saved_cs_client     = @@character_set_client */;
/*!50503 SET character_set_client = utf8mb4 */;
CREATE TABLE `orders` (
  `order_idx` int NOT NULL AUTO_INCREMENT,
  `order_date` datetime(6) NOT NULL,
  `p_count` int NOT NULL,
  `res_price` int NOT NULL,
  `total_price` int NOT NULL,
  `c_id_order` int DEFAULT NULL,
  `remaining_point` int DEFAULT NULL,
  `used_coupon` varchar(255) NOT NULL,
  PRIMARY KEY (`order_idx`),
  KEY `fk_orders_customer` (`c_id_order`),
  CONSTRAINT `fk_orders_customer` FOREIGN KEY (`c_id_order`) REFERENCES `customer` (`id`) ON DELETE CASCADE
) ENGINE=InnoDB AUTO_INCREMENT=169 DEFAULT CHARSET=utf8mb4 COLLATE=utf8mb4_0900_ai_ci;
/*!40101 SET character_set_client = @saved_cs_client */;

--
-- Dumping data for table `orders`
--

LOCK TABLES `orders` WRITE;
/*!40000 ALTER TABLE `orders` DISABLE KEYS */;
INSERT INTO `orders` VALUES (82,'2025-07-18 05:14:56.928455',1,3003000,3000000,1,0,'n'),(83,'2025-07-18 05:28:27.107449',1,72500,69500,2,0,'n'),(84,'2025-07-18 05:35:35.496346',1,72500,69500,2,0,'n'),(85,'2025-07-18 06:39:15.363342',1,1503000,1500000,1,0,'n'),(86,'2025-07-18 06:40:46.322930',1,65300,62300,1,0,'n'),(87,'2025-07-18 06:43:27.809260',1,68600,65600,1,0,'n'),(88,'2025-07-18 06:44:00.215083',1,68600,65600,1,0,'n'),(89,'2025-07-18 06:44:57.263186',1,65300,62300,1,0,'n'),(90,'2025-07-18 06:45:32.005649',1,1503000,1500000,1,0,'n'),(91,'2025-07-18 06:56:27.014472',1,4503000,4500000,1,0,'n'),(92,'2025-07-18 07:06:53.726274',1,79300,76300,2,0,'n'),(93,'2025-07-18 07:08:53.443766',1,79300,76300,2,0,'n'),(94,'2025-07-18 07:16:19.688566',1,1503000,1500000,2,0,'n'),(95,'2025-07-18 07:16:44.077353',1,1572500,1569500,2,0,'n'),(96,'2025-07-18 07:22:43.549315',1,79300,76300,2,0,'n'),(97,'2025-07-18 07:23:37.581318',1,79300,76300,2,0,'n'),(98,'2025-07-18 07:26:56.463536',1,56400,53400,2,0,'n'),(99,'2025-07-18 07:26:56.660993',1,56400,53400,2,0,'n'),(100,'2025-07-18 07:27:04.108199',1,3155800,3152800,2,0,'n'),(101,'2025-07-18 07:28:25.362651',1,1503000,1500000,3,0,'n'),(102,'2025-07-18 07:35:51.553101',1,65300,62300,1,0,'n'),(103,'2025-07-18 09:20:16.484880',1,34000,33000,2,0,'y'),(104,'2025-07-18 12:09:31.155967',1,1501000,1500000,2,0,'y'),(105,'2025-07-18 12:10:49.266899',1,70500,69500,2,0,'y'),(106,'2025-07-18 12:11:18.143296',1,1695100,1694100,2,0,'y'),(107,'2025-07-18 12:13:47.965043',1,1695100,1694100,2,0,'y'),(108,'2025-07-18 12:14:04.461900',1,70500,69500,2,0,'y'),(109,'2025-07-18 12:14:26.614383',1,1695100,1694100,2,0,'y'),(110,'2025-07-18 12:14:34.291707',1,1695100,1694100,2,0,'y'),(111,'2025-07-18 12:19:18.104930',1,1501000,1500000,2,0,'Y'),(112,'2025-07-18 12:19:26.328544',1,70500,69500,5,0,'y'),(113,'2025-07-18 12:20:05.572494',1,1501000,1500000,2,0,'Y'),(114,'2025-07-18 12:20:36.869751',1,70500,69500,5,0,'y'),(115,'2025-07-18 12:22:04.240456',1,1501000,1500000,2,0,'Y'),(116,'2025-07-18 12:29:26.629906',1,1501000,1500000,2,0,'Y'),(117,'2025-07-18 12:30:08.111119',1,183600,180600,5,0,'y'),(118,'2025-07-18 12:44:08.584364',1,70500,69500,2,0,'Y'),(119,'2025-07-18 12:55:47.719065',1,1501000,1500000,2,0,'Y'),(120,'2025-07-18 13:03:51.585704',1,153000,150000,2,0,'n'),(121,'2025-07-18 13:03:57.100698',1,181600,180600,5,0,'Y'),(122,'2025-07-18 13:04:27.471188',1,4503000,4500000,1,0,'N'),(123,'2025-07-18 13:07:26.710634',1,72500,69500,2,0,'N'),(124,'2025-07-18 13:07:53.620461',1,72500,69500,2,0,'N'),(125,'2025-07-18 13:17:55.675787',1,72500,69500,2,0,'N'),(126,'2025-07-18 13:21:57.377969',1,183600,180600,5,0,'N'),(127,'2025-07-18 13:23:13.863695',1,183600,180600,5,0,'N'),(128,'2025-07-18 13:23:43.312298',1,183600,180600,5,0,'N'),(129,'2025-07-18 13:23:58.863964',1,183600,180600,5,0,'N'),(130,'2025-07-18 13:24:28.762375',1,72500,69500,5,0,'N'),(131,'2025-07-18 13:30:52.370180',1,72500,69500,2,0,'N'),(132,'2025-07-18 13:32:16.822678',1,222500,219500,2,0,'n'),(133,'2025-07-18 13:43:11.896208',1,72500,69500,3,0,'n'),(134,'2025-07-18 14:01:32.435131',1,1501000,1500000,2,0,'y'),(135,'2025-07-18 14:01:50.552204',1,1503000,1500000,2,0,'n'),(136,'2025-07-18 14:03:18.544865',1,1503000,1500000,5,0,'N'),(137,'2025-07-18 14:03:44.156966',1,62600,59600,2,0,'n'),(138,'2025-07-18 14:03:50.831110',1,79300,76300,5,0,'N'),(139,'2025-07-18 14:09:00.633024',1,72500,69500,4,0,'n'),(140,'2025-07-18 14:13:41.368756',1,86300,83300,2,0,'n'),(141,'2025-07-18 14:14:13.002579',1,1503000,1500000,2,0,'n'),(142,'2025-07-18 14:14:44.192388',1,381200,378200,2,0,'n'),(143,'2025-07-18 14:15:03.836504',1,79300,76300,2,0,'n'),(144,'2025-07-18 14:15:38.535366',1,155600,152600,2,0,'n'),(145,'2025-07-18 14:19:02.505857',1,108600,105600,5,0,'N'),(146,'2025-07-18 14:22:15.785817',1,79300,76300,5,0,'N'),(147,'2025-07-18 14:35:43.950162',1,86300,83300,2,0,'N'),(148,'2025-07-18 14:35:52.702863',1,1503000,1500000,2,0,'N'),(149,'2025-07-18 14:57:37.641719',1,72500,69500,2,0,'N'),(150,'2025-07-18 14:59:47.112222',1,72500,69500,2,0,'N'),(151,'2025-07-18 15:04:06.735340',1,72500,69500,2,0,'N'),(152,'2025-07-18 15:55:53.422126',1,72500,69500,7,0,'N'),(153,'2025-07-20 06:27:50.087015',1,72500,69500,24,0,'N'),(154,'2025-07-20 06:27:50.749477',1,72500,69500,24,0,'N'),(155,'2025-07-21 01:24:39.305477',1,72500,69500,4,0,'N'),(156,'2025-07-21 02:04:00.692785',1,563000,560000,27,0,'N'),(157,'2025-07-21 06:02:44.471073',1,941600,938600,29,0,'N'),(158,'2025-07-21 06:09:54.043921',1,119300,116300,25,0,'N'),(159,'2025-07-21 06:14:36.795244',1,523000,520000,29,0,'N'),(160,'2025-07-21 06:14:45.348918',1,130300,127300,29,0,'N'),(161,'2025-07-21 06:21:35.885463',1,908600,905600,31,0,'N'),(162,'2025-07-21 06:27:37.566024',1,72500,69500,32,0,'N'),(163,'2025-07-21 06:31:40.621425',1,86300,83300,33,0,'N'),(164,'2025-07-21 06:53:56.117029',1,95400,92400,34,0,'N'),(165,'2025-07-21 06:58:16.250910',1,135300,132300,35,0,'N'),(166,'2025-07-21 06:58:59.678109',1,1790000,1787000,35,0,'N'),(167,'2025-07-21 07:04:46.245688',1,48500,45500,37,0,'N'),(168,'2025-07-21 07:06:09.269908',1,397100,394100,37,0,'N');
/*!40000 ALTER TABLE `orders` ENABLE KEYS */;
UNLOCK TABLES;

--
-- Table structure for table `orders_backup`
--

DROP TABLE IF EXISTS `orders_backup`;
/*!40101 SET @saved_cs_client     = @@character_set_client */;
/*!50503 SET character_set_client = utf8mb4 */;
CREATE TABLE `orders_backup` (
  `order_idx` int NOT NULL AUTO_INCREMENT,
  `order_date` datetime DEFAULT NULL,
  `p_id_order` int DEFAULT NULL,
  `c_id_order` int NOT NULL,
  `total_price` int NOT NULL,
  `res_price` int NOT NULL,
  `remaining_point` int DEFAULT NULL,
  `used_coupon` varchar(45) DEFAULT NULL,
  `p_count` int NOT NULL DEFAULT '1',
  PRIMARY KEY (`order_idx`),
  KEY `c_id_order_idx` (`c_id_order`),
  KEY `p_id_order_idx` (`p_id_order`),
  CONSTRAINT `fk_orders_backup_customer` FOREIGN KEY (`c_id_order`) REFERENCES `customer` (`id`) ON DELETE CASCADE,
  CONSTRAINT `p_id_order` FOREIGN KEY (`p_id_order`) REFERENCES `product` (`p_id`) ON DELETE CASCADE
) ENGINE=InnoDB AUTO_INCREMENT=9 DEFAULT CHARSET=utf8mb4 COLLATE=utf8mb4_0900_ai_ci;
/*!40101 SET character_set_client = @saved_cs_client */;

--
-- Dumping data for table `orders_backup`
--

LOCK TABLES `orders_backup` WRITE;
/*!40000 ALTER TABLE `orders_backup` DISABLE KEYS */;
INSERT INTO `orders_backup` VALUES (8,'2025-07-18 13:41:42',NULL,3,1500000,1503000,0,'n',1);
/*!40000 ALTER TABLE `orders_backup` ENABLE KEYS */;
UNLOCK TABLES;

--
-- Table structure for table `pay`
--

DROP TABLE IF EXISTS `pay`;
/*!40101 SET @saved_cs_client     = @@character_set_client */;
/*!50503 SET character_set_client = utf8mb4 */;
CREATE TABLE `pay` (
  `pay_idx` int NOT NULL AUTO_INCREMENT,
  `c_id_pay` int NOT NULL,
  `order_idx_pay` int NOT NULL,
  `coupon_use_yn` varchar(45) NOT NULL DEFAULT 'n',
  `point_use` int DEFAULT '0',
  PRIMARY KEY (`pay_idx`),
  UNIQUE KEY `order_idx_pay_UNIQUE` (`order_idx_pay`),
  KEY `c_id_pay_idx` (`c_id_pay`),
  CONSTRAINT `fk_pay_customer` FOREIGN KEY (`c_id_pay`) REFERENCES `customer` (`id`) ON DELETE CASCADE,
  CONSTRAINT `order_idx_pay` FOREIGN KEY (`order_idx_pay`) REFERENCES `orders_backup` (`order_idx`)
) ENGINE=InnoDB DEFAULT CHARSET=utf8mb4 COLLATE=utf8mb4_0900_ai_ci;
/*!40101 SET character_set_client = @saved_cs_client */;

--
-- Dumping data for table `pay`
--

LOCK TABLES `pay` WRITE;
/*!40000 ALTER TABLE `pay` DISABLE KEYS */;
/*!40000 ALTER TABLE `pay` ENABLE KEYS */;
UNLOCK TABLES;

--
-- Table structure for table `product`
--

DROP TABLE IF EXISTS `product`;
/*!40101 SET @saved_cs_client     = @@character_set_client */;
/*!50503 SET character_set_client = utf8mb4 */;
CREATE TABLE `product` (
  `p_id` int NOT NULL AUTO_INCREMENT,
  `p_price` int NOT NULL,
  `p_name` varchar(255) NOT NULL,
  `p_code` varchar(255) NOT NULL,
  `p_brand` varchar(255) NOT NULL,
  `p_thumbnail` varchar(255) DEFAULT NULL,
  `p_color` varchar(255) DEFAULT NULL,
  `p_size` varchar(255) DEFAULT NULL,
  `p_image_1` varchar(255) DEFAULT NULL,
  `p_image_2` varchar(255) DEFAULT NULL,
  `p_image_3` varchar(255) DEFAULT NULL,
  `p_image_4` varchar(255) DEFAULT NULL,
  `p_image_5` varchar(255) DEFAULT NULL,
  PRIMARY KEY (`p_id`)
) ENGINE=InnoDB AUTO_INCREMENT=200 DEFAULT CHARSET=utf8mb4 COLLATE=utf8mb4_0900_ai_ci;
/*!40101 SET character_set_client = @saved_cs_client */;

--
-- Dumping data for table `product`
--

LOCK TABLES `product` WRITE;
/*!40000 ALTER TABLE `product` DISABLE KEYS */;
INSERT INTO `product` VALUES (137,125300,'Symbol Check Wind Jacket','outer','tecket','/img/product/2aab199a-a902-4756-a7aa-2d9b778b1e90_teket_Symbol_Check_Wind_Jacket01.png','Navy,Pink','Large,Medium,Small','/img/product/acd8f905-349e-4d8f-8580-442a672dcffa_teket_Symbol_Check_Wind_Jacket02.png','/img/product/e6d2b95c-41f3-4693-a4d1-921cb0d0b75a_teket_Symbol_Check_Wind_Jacket03.png','/img/product/322297d5-86ad-49e7-8707-5b394557b43e_teket_Symbol_Check_Wind_Jacket04.png','/img/product/b12d5b43-b69a-4777-892c-e03df3523a22_teket_Symbol_Check_Wind_Jacket05.png',NULL),(138,90300,'Signature Vest','outer','tecket','/img/product/e3bcd297-a41b-4b7b-964d-741758c40a5c_teket_Signature_Vest01.png','Blue,Yellow','Large,Medium,Small','/img/product/6097ab46-3411-48ce-881e-bc1c077b1a6a_teket_Signature_Vest02.png','/img/product/5c4e3abd-0dde-4a40-99ff-847f03b9bef3_teket_Signature_Vest03.png','/img/product/8c4a7369-11da-4f97-98c3-b67081002d37_teket_Signature_Vest04.png','/img/product/a738c600-c3b5-46f3-9ef9-0a803e00add1_teket_Signature_Vest05.png',NULL),(139,132300,'CT Work Jacket','outer','tecket','/img/product/2a090a75-5b14-44ec-b71d-aa1fd661ccf0_teket_CT_Work_Jacket01.png','Beige,Navy,Orange','Large,Medium,Small','/img/product/9975f039-72bf-413b-9f38-60cc66c9a525_teket_CT_Work_Jacket02.png','/img/product/061f9f8d-84b7-4bf9-b131-10d3b7debb35_teket_CT_Work_Jacket03.png','/img/product/1976ea71-a723-4403-a26d-bd526a1a7b4e_teket_CT_Work_Jacket04.png','/img/product/7550e565-dea5-4777-be09-d6218b950359_teket_CT_Work_Jacket05.png',NULL),(140,104300,'Awardee Shirt Jacket','outer','tecket','/img/product/ad77d719-640f-4bd1-aead-de24aa4ec249_teket_Awardee_Shirt_Jacket01.png','Blue,Red','Large,Medium,Small','/img/product/ee9a6b67-3920-4531-a81e-c8169bf21733_teket_Awardee_Shirt_Jacket02.png','/img/product/7893b90f-e7f7-428e-899e-c2f6d74f7553_teket_Awardee_Shirt_Jacket03.png','/img/product/748705a0-c28f-4617-9857-ec4efa4b14cc_teket_Awardee_Shirt_Jacket04.png','/img/product/5764db0d-bb5f-46d6-9a9a-594ce6487be8_teket_Awardee_Shirt_Jacket05.png',NULL),(141,84500,'Minute Wind Jacket','outer','tecket','/img/product/9fff9003-b9a3-450e-a760-f076ef594d63_teket_Minute_Wind_Jacket01.png','Cream,Salmon','Large,Medium','/img/product/2c7c8df1-c87c-441c-81d7-9c94facc8b89_teket_Minute_Wind_Jacket02.png','/img/product/5bf69ee2-01cf-4c4d-8ad8-019f908438f7_teket_Minute_Wind_Jacket03.png','/img/product/0ff0f91c-2d48-470d-aaa7-f8bc04350053_teket_Minute_Wind_Jacket04.png','/img/product/cf11345f-3999-46c3-8263-8143a13d017d_teket_Minute_Wind_Jacket05.png',NULL),(142,132300,'Share Wind Jacket','outer','tecket','/img/product/06890e30-3088-4a29-92d4-c232c5f26cb9_teket_Share_Wind_Jacket01.png','Dark Green','Medium,Small','/img/product/b4e59f91-c04a-47be-85d4-9485c2de0c1e_teket_Share_Wind_Jacket02.png','/img/product/5d8a6120-927b-410e-b04f-3c41bee43d4d_teket_Share_Wind_Jacket03.png','/img/product/49e20618-e3bd-4191-ad6f-1098153655d3_teket_Share_Wind_Jacket04.png','/img/product/6de63c15-5d75-4886-b4e8-81cd38a1a008_teket_Share_Wind_Jacket05.png',NULL),(143,90300,'Numbering Knit Sweater','top','tecket','/img/product/c2206b40-b630-4be2-8b12-7c673a17edf9_teket_Numbering_Knit_Sweater01.png','Khaki,Navy','Large,Medium,Small','/img/product/9444ce4f-9f0a-4119-ab25-2ae597b29141_teket_Numbering_Knit_Sweater02.png','/img/product/4d00b6f3-04d4-4327-8273-b200fc76b876_teket_Numbering_Knit_Sweater03.png','/img/product/84161062-6a70-4372-9b52-6c8bc681a8c3_teket_Numbering_Knit_Sweater04.png','/img/product/58ceb8d3-65e2-412b-83c4-3ebb74216bd6_teket_Numbering_Knit_Sweater05.png',NULL),(144,45500,'Good Deed Cutting Line Tee','top','tecket','/img/product/8db00143-ecc0-4e16-a726-c1039fb28eb1_teket_Good_Deed_Cutting_Line_Tee01.png','Burgundy,Navy','Large,Medium,Small','/img/product/01657686-2fb9-4f9d-8c62-117cfa012349_teket_Good_Deed_Cutting_Line_Tee02.png','/img/product/a78c5e85-de9c-4042-b9d2-ba3cd05d42aa_teket_Good_Deed_Cutting_Line_Tee03.png','/img/product/5643cd54-79ee-46fb-a79a-caf9ebff7a94_teket_Good_Deed_Cutting_Line_Tee04.png','/img/product/bfbcf05d-0cbb-4973-84a5-aec06caeb38a_teket_Good_Deed_Cutting_Line_Tee05.png',NULL),(145,40600,'Drying Stripe Tee','top','tecket','/img/product/aeb63099-6ece-485a-a2c3-fc2c123c0ffe_teket_Drying_Stripe_Tee01.png','Blue,Brown,Olive','One Size','/img/product/393ca5ca-2e7d-4431-9e8e-ebf99401a96b_teket_Drying_Stripe_Tee02.png','/img/product/52cab2f8-4cf5-45c7-a98b-f6f8c9065beb_teket_Drying_Stripe_Tee03.png','/img/product/01a9ccf0-2416-4002-8106-3a442bd63d3a_teket_Drying_Stripe_Tee04.png','/img/product/740952ca-de55-413f-ac74-0a2b576699d6_teket_Drying_Stripe_Tee05.png',NULL),(146,38500,'Away Tee','top','tecket','/img/product/0b03d950-033c-4fac-ad73-264d54141171_teket_Away_Tee01.png','Blue,White','Large,Medium,Small','/img/product/f3585b0c-f865-417b-9e72-f24e6830f4de_teket_Away_Tee02.png','/img/product/01a87ffb-57bf-4d0e-8ad5-0b740d7ad1e1_teket_Away_Tee03.png','/img/product/0be42512-08fd-4478-9377-5f40e3562429_teket_Away_Tee04.png','/img/product/39724e71-9667-4d07-b680-0cff4d453144_teket_Away_Tee05.png',NULL),(147,44000,'Plan Tee','top','tecket','/img/product/0afcf1a3-5d42-4e53-9392-664d30777720_teket_Plan_Tee01.png','Charcoal,Green,Melange Gray,Navy,Purple','Large,Medium,Small','/img/product/b7bcc063-0adb-4800-a738-7a6177254dc4_teket_Plan_Tee02.png','/img/product/dd32ef7a-6715-4081-a1f2-f560d4dfbedd_teket_Plan_Tee03.png','/img/product/5c97e00a-342e-4844-a2aa-250ccf2ad9b0_teket_Plan_Tee04.png','/img/product/7f55cd56-558d-4cef-a92f-fd15ca5655d0_teket_Plan_Tee05.png',NULL),(148,45500,'Horseshoe L/S Tee','top','tecket','/img/product/3662b321-0bd6-4ab5-a88c-3a9855f6e0fa_teket_Horseshoe_LS_Tee01.png','Black,Blue Green','One Size','/img/product/59e16c3a-3f59-457c-aef0-b38ae69d00a7_teket_Horseshoe_LS_Tee02.png','/img/product/dc207fc6-4bee-466c-b3de-54c58aa9d277_teket_Horseshoe_LS_Tee03.png','/img/product/94428102-deee-4081-adfe-4741354f59f8_teket_Horseshoe_LS_Tee04.png','/img/product/ba4c8748-0938-4db2-becb-d0821e1d4862_teket_Horseshoe_LS_Tee05.png',NULL),(149,48300,'Occasion L/S Tee','top','tecket','/img/product/905b84e7-a775-4137-b0c8-822339975e7c_teket_Occasion_LS_Tee01.png','Melange Gray,Navy','Large,Medium,Small','/img/product/88083b51-c709-44f2-9dbe-33340971112d_teket_Occasion_LS_Tee02.png','/img/product/4846cf1b-f623-4e73-a99b-77ae023dd38e_teket_Occasion_LS_Tee03.png','/img/product/2c72894b-ac27-489e-a81e-4060c8f639ca_teket_Occasion_LS_Tee04.png','/img/product/0047741f-ff05-42df-9e12-8d44a2b3edb0_teket_Occasion_LS_Tee05.png',NULL),(150,62300,'Up Shorts','bottom','tecket','/img/product/0e23fe12-fbc8-4e0d-bc74-6c4052d82d75_teket_Up_Shorts01.png','Purple,Sky Blue','Large,Medium,Small','/img/product/a36f6f14-38cb-4402-b2c0-80efdad02784_teket_Up_Shorts02.png','/img/product/45573a0f-ecc9-46ce-955f-06e6e254c8ff_teket_Up_Shorts03.png','/img/product/cf211944-fbd0-4abe-8860-1d8793db0311_teket_Up_Shorts04.png','/img/product/9e3857e9-299c-4ee5-9312-1845e0f38fe5_teket_Up_Shorts05.png',NULL),(151,55300,'Mishap Shorts','bottom','tecket','/img/product/7adffd68-f151-422d-8040-00cc5f1ee48e_teket_Mishap_Shorts01.png','Navy,Purple,Red','Medium,Small','/img/product/ccf75ef9-74c8-4720-a11b-ff3cd3e746d8_teket_Mishap_Shorts02.png','/img/product/1ef4bd09-9338-4531-ba35-80003f6f52c8_teket_Mishap_Shorts03.png','/img/product/595594a9-4adb-4adb-b250-fd14be5f2698_teket_Mishap_Shorts04.png','/img/product/bbb8982d-c4b7-4452-b9da-6966862796e8_teket_Mishap_Shorts05.png',NULL),(152,48300,'Happenstance Shorts','bottom','tecket','/img/product/39e0c85e-c1b7-4df9-a76d-6f33545ed4cb_teket_Happenstance_Shorts01.png','Orange','Medium,Small','/img/product/87fccd8d-f2eb-4bad-aebc-d8bdaeab692b_teket_Happenstance_Shorts02.png','/img/product/43a36435-252d-4865-ab76-be4ccbdc46c4_teket_Happenstance_Shorts03.png','/img/product/0cfca91c-076c-4dda-95dd-86be8415818a_teket_Happenstance_Shorts04.png','/img/product/ac085e85-26ac-4af0-9c62-f406444ce146_teket_Happenstance_Shorts05.png',NULL),(153,90300,'Happenstance Jeans','bottom','tecket','/img/product/68381b88-e4fc-413d-aa7a-012bb6c116d5_teket_Happenstance_Jeans01.png','Indigo,Light Blue','Medium,Small','/img/product/8f670ee6-8fb0-4dbd-a0e3-173f51beaf74_teket_Happenstance_Jeans02.png','/img/product/e3979fe1-f422-4bcc-9abd-9ae6f2dd9d8f_teket_Happenstance_Jeans03.png','/img/product/31df3406-341f-426f-8122-cc16e8d619e9_teket_Happenstance_Jeans04.png','/img/product/ddbf2296-b1f8-4ca8-a139-70a2473e5fd2_teket_Happenstance_Jeans05.png',NULL),(154,83300,'Com Track Pants','bottom','tecket','/img/product/893ec053-7681-4af9-9667-98483d26e4bf_teket_Com_Track_Pants01.png','Gray,Green,Navy','Large,Medium,Small','/img/product/974c45ac-173c-4d61-9287-417c95052194_teket_Com_Track_Pants02.png','/img/product/52bb6ec4-11de-424a-a64b-730caaa142db_teket_Com_Track_Pants03.png','/img/product/f059bbe5-8dbe-423c-940d-418a34debdde_teket_Com_Track_Pants04.png','/img/product/1e70de3f-05a4-46c9-bb25-d790b7084d4a_teket_Com_Track_Pants05.png',NULL),(156,59600,'T Jeans','bottom','tecket','/img/product/c22e9441-1d4a-44f3-b89b-c052a94fccac_teket_T_Jeans01.png','Blue,Light Blue','Large','/img/product/6340689f-7136-4435-959b-8824fdbf0356_teket_T_Jeans02.png','/img/product/1b22d44a-6e19-46ba-b498-c7b01a2b3540_teket_T_Jeans03.png','/img/product/3ffa5e58-dd05-4f2e-8ec4-2d80cbb110ee_teket_T_Jeans04.png','/img/product/0d587144-394b-451f-8648-a598065f885c_teket_T_Jeans05.png',NULL),(157,560000,'j-wilson','outer','diesel','/img/product/c704e7b2-9757-47aa-bd27-6e3f35bab15a_diesel_j-wilson01.png','Black,Light Blue','44,46,48,50,52,54,56','/img/product/5eca3817-3c44-4f18-8153-6b8da14fe97c_diesel_j-wilson02.png','/img/product/c14ef1aa-6807-4d90-9408-e1793506a69e_diesel_j-wilson03.png','/img/product/1dcfc41f-7445-41b4-b276-304f6470bf4b_diesel_j-wilson04.png','/img/product/bf29f7b8-9554-44d9-9f67-217d9d6347f2_diesel_j-wilson05.png',NULL),(158,940000,'d-wynny jogg','outer','diesel','/img/product/e4a2136e-0aa6-4aa9-8c08-edadb155ec5c_diesel_d-wynny_jogg01.png','Light Blue','L,M,S,XL,XS,XXL,XXS','/img/product/c1aeee98-c687-4116-88c4-84ad5cfba12e_diesel_d-wynny_jogg02.png','/img/product/0aed6f57-e6c8-43a2-b40b-2f51033ac97b_diesel_d-wynny_jogg03.png','/img/product/b54a3672-5c69-422e-9dea-e8b64df5c43c_diesel_d-wynny_jogg04.png','/img/product/45b50ff4-6cd4-43b5-b5ca-31b9aa547ffc_diesel_d-wynny_jogg05.png',NULL),(160,520000,'g-leam-r1','outer','diesel','/img/product/78169ab9-890c-4d0f-907b-97afcdbf7020_diesel_g-leam-r101.png','Dark Blue,Light Blue','36,38,40,42,44,46','/img/product/63e5bfe7-9d58-4448-89c4-5bfaecda89d2_diesel_g-leam-r102.png','/img/product/44c3d327-5f47-4b7c-bc85-44b1f9994c5b_diesel_g-leam-r103.png','/img/product/a7d0c74b-a2d5-4fed-a77c-788b9b1d0846_diesel_g-leam-r104.png','/img/product/9b252bd8-9280-4de8-a446-23cca1be5d51_diesel_g-leam-r105.png',NULL),(161,1420000,'j-Erik','outer','diesel','/img/product/e8ef7991-95d1-4962-b21f-7b1cc51f409d_diesel_j-Erik01.png','Black','44,46,48,50,52,54,56','/img/product/4ccc71da-fe31-4f85-8b96-f3fc7469b912_diesel_j-Erik02.png','/img/product/e2405320-97f8-4114-8460-42f208462b74_diesel_j-Erik03.png','/img/product/36459431-dcf2-48b5-9de8-e8dea707fb50_diesel_j-Erik04.png','/img/product/286e3d9d-ac50-4499-aaa0-8f1d0407f424_diesel_j-Erik05.png',NULL),(162,180000,'t-adjust-slits-r17','top','diesel','/img/product/e3a08459-cf7b-47ff-a163-4674c2092ae3_diesel_t-adjust-slits-r17_01.png','Black,Night Blue,White','3XL,L,M,S,XL,XS,XXL,XXS','/img/product/b7347195-b92f-4f7b-a7c8-8aa9eecef624_diesel_t-adjust-slits-r17_02.png','/img/product/3aa31514-de90-4db0-b788-e9f52951aec6_diesel_t-adjust-slits-r17_03.png','/img/product/9ae4678c-8bc5-4345-b5bf-877ca1aacb2f_diesel_t-adjust-slits-r17_04.png','/img/product/040148a1-bba7-47ba-a7ce-7ba6b4f83480_diesel_t-adjust-slits-r17_05.png',NULL),(163,210000,'t-boxt-n14','top','diesel','/img/product/ba07ecb1-e147-49dd-bd37-4275019daa46_diesel_t-boxt-n14_01.png','Black,Green,White/Black','3XL,L,M,S,XL,XS,XXL,XXS','/img/product/d78f0631-aeca-4301-be95-acbd8518082e_diesel_t-boxt-n14_02.png','/img/product/03c2ed4a-8ef5-4122-9b3e-e3fdcf2ef71a_diesel_t-boxt-n14_03.png','/img/product/aba89dff-bd12-45cb-a199-fa358d7a97fb_diesel_t-boxt-n14_04.png','/img/product/a2d2b508-4fcf-4b1a-aa07-c4982daab77b_diesel_t-boxt-n14_05.png',NULL),(164,280000,'t-ele-long-p2','top','diesel','/img/product/bb6300ae-344b-46aa-ac50-19f1c02327b8_diesel_t-ele-long-p2_01.png','Black,Blue','L,M,S,XL,XS,XXS','/img/product/3e9cdc57-b8ca-4e05-8d3e-bde0afc544e0_diesel_t-ele-long-p2_02.png','/img/product/071c17b0-b305-490b-937c-95a3965228e4_diesel_t-ele-long-p2_03.png','/img/product/e6e2b9f0-fd47-491c-91e4-a41af84fe488_diesel_t-ele-long-p2_04.png','/img/product/7f2eda5f-c462-4faa-9c1d-587c16992509_diesel_t-ele-long-p2_05.png',NULL),(165,180000,'t-ele','top','diesel','/img/product/c256f496-a8dc-454a-a7a7-cda9c42c1b21_diesel_t-ele01.png','Beige,Black,Face Powder,Violet,White','L,M,S,XL,XS,XXS','/img/product/61d0d485-4910-4f93-9ea0-19ccd57beca9_diesel_t-ele02.png','/img/product/1d88056d-2b8a-44f4-8092-90a123da7fb4_diesel_t-ele03.png','/img/product/57d42985-75d5-47e3-aa7c-2d7f0730e342_diesel_t-ele04.png','/img/product/3e11b4c4-3bbd-4b90-847a-4d1a4762ec99_diesel_t-ele05.png',NULL),(166,180000,'t-uncutie-long-od-q1','top','diesel','/img/product/642bf4bb-e582-43e3-8754-9eac7683857f_diesel_t-uncutie-long-od-q1_01.png','Black,White','L,M,S,XL,XS,XXS','/img/product/1732154d-4b39-4a2d-b761-49ac78400252_diesel_t-uncutie-long-od-q1_02.png','/img/product/fa3c3af7-4ba9-495e-bded-773bea0fcc2b_diesel_t-uncutie-long-od-q1_03.png','/img/product/eec0b54a-234d-4923-bcd3-6061f1deaaf7_diesel_t-uncutie-long-od-q1_04.png','/img/product/07e5438b-b9be-48db-866a-26ab5c6c0609_diesel_t-uncutie-long-od-q1_05.png',NULL),(167,330000,'slim jeans 2019 d-strukt 0dbef','bottom','diesel','/img/product/fb83c87d-1885-490f-b08b-e0e5389744f8_diesel_slim_jeans_2019_d-strukt_0dbef01.png','Medium Blue','26,27,28,29,30,31,32,33,34,36,38,40','/img/product/d7c45abc-d884-4546-b447-5edc03b872cc_diesel_slim_jeans_2019_d-strukt_0dbef02.png','/img/product/874af45d-2388-4f2f-89ed-9ab48839e9b3_diesel_slim_jeans_2019_d-strukt_0dbef03.png','/img/product/4a953433-d7f4-49e2-a25a-6e4fe75c2e68_diesel_slim_jeans_2019_d-strukt_0dbef04.png','/img/product/92121dee-67bb-49b4-8319-f0b680d1ae32_diesel_slim_jeans_2019_d-strukt_0dbef05.png',NULL),(168,660000,'relaxed jeans d-pari 068tc','bottom','diesel','/img/product/ed36e140-ec5c-4597-b1e6-7bee643dbfbe_diesel_relaxed_jeans_d-pari_068tc01.png','Dark Blue','26,27,28,29,30,31,32,33,34,36,38,40','/img/product/5b0a539f-7950-46f0-85b2-d1f8183deb2d_diesel_relaxed_jeans_d-pari_068tc02.png','/img/product/d56ff2f7-698f-46fe-b69c-f7daf0b6429f_diesel_relaxed_jeans_d-pari_068tc03.png','/img/product/e52a9c42-cd6a-4afb-a153-e76fcb734284_diesel_relaxed_jeans_d-pari_068tc04.png','/img/product/c53bdb02-00c4-4aba-b77f-ea930f2145d0_diesel_relaxed_jeans_d-pari_068tc05.png',NULL),(169,330000,'regular jeans 1971 d-sent 09i29','bottom','diesel','/img/product/b5866546-6762-438a-8000-c21e8b43495c_diesel_regular_jeans_1971_d-sent_09i29_01.png','Light Blue','23,24,25,26,27,28,29,30,31,32','/img/product/4cba6879-44d6-47df-a664-44174e32349e_diesel_regular_jeans_1971_d-sent_09i29_02.png','/img/product/1cba8f38-e3c7-40f1-b2ce-eed02838f661_diesel_regular_jeans_1971_d-sent_09i29_03.png','/img/product/cb978a4d-3b20-4ce1-83f2-a559989944a4_diesel_regular_jeans_1971_d-sent_09i29_04.png','/img/product/359c660d-f9e4-4d49-8402-d2399b14d71d_diesel_regular_jeans_1971_d-sent_09i29_05.png',NULL),(170,660000,'relaxed jeans 1996 d-sire 09m53','bottom','diesel','/img/product/d2cca435-20a1-422f-b248-2ee9f4c522de_diesel_relaxed_jeans_1996_d-sire_09m53_01.png','Light Blue','23,24,25,26,27,28,29,30,31,32','/img/product/57d5ad26-4db6-4f38-acdc-4eabcc28d260_diesel_relaxed_jeans_1996_d-sire_09m53_02.png','/img/product/da55ef2d-65e4-49a7-a2db-d4c54d90534c_diesel_relaxed_jeans_1996_d-sire_09m53_03.png','/img/product/a5ba6196-896f-4f37-9aff-19f16a12047d_diesel_relaxed_jeans_1996_d-sire_09m53_04.png','/img/product/c1c45e56-35f0-47c7-b529-8efdfe5fc41a_diesel_relaxed_jeans_1996_d-sire_09m53_05.png',NULL),(171,610000,'relaxed jeans 1996 d-sire 0nlax','bottom','diesel','/img/product/819a36b8-24fe-45a5-b6f8-d713f62afa19_diesel_relaxed_jeans_1996_d-sire_0nlax01.png','Medium Blue','23,24,25,26,27,28,29,30,31,32','/img/product/4123eafa-ca21-45ba-bace-43146bc3f0af_diesel_relaxed_jeans_1996_d-sire_0nlax02.png','/img/product/38c03f99-dfbe-48fb-9965-6f4cd2d8136a_diesel_relaxed_jeans_1996_d-sire_0nlax03.png','/img/product/9ecebbcf-bb59-4aec-bec7-d26365090628_diesel_relaxed_jeans_1996_d-sire_0nlax04.png','/img/product/9a1e8e1b-9817-44a2-978b-90f74d81d746_diesel_relaxed_jeans_1996_d-sire_0nlax05.png',NULL),(172,390000,'melissa quantum sneakers x','shoes','diesel','/img/product/f62a306d-55dc-497b-bcde-54c2d2ec0c68_diesel_melissa_quantum_sneakers_x01.png','Black,Light Gray','35,36,37,38,39,40,41,42,43,44,45,46','/img/product/6492cecb-2ef3-4aee-9471-8a68f3ba0625_diesel_melissa_quantum_sneakers_x02.png','/img/product/76b36126-c6dd-4a4c-8950-45d029e4c6a5_diesel_melissa_quantum_sneakers_x03.png','/img/product/9beda0eb-09ea-412b-865b-766d7dc7caae_diesel_melissa_quantum_sneakers_x04.png','/img/product/7a5c4637-abfa-4b3d-841a-b64f142359a1_diesel_melissa_quantum_sneakers_x05.png',NULL),(173,270000,'s-pagodha low','shoes','diesel','/img/product/d21bbcff-3447-43d6-a996-8e0a90c64017_diesel_s-pagodha_low01.png','Black/Red,Blue,White/Red','39,40,41,42,43,44,45,46','/img/product/7e58e82a-bbd2-416b-8676-0b9902b81b2e_diesel_s-pagodha_low02.png','/img/product/0edd358d-2441-40ee-8a67-12865503a0ce_diesel_s-pagodha_low03.png','/img/product/563528f8-0244-46cd-90f0-47650f6e9d46_diesel_s-pagodha_low04.png','/img/product/5b05e5d1-980e-40d8-a156-d1c586fdd5f4_diesel_s-pagodha_low05.png',NULL),(174,150000,'melissa quantum thong','shoes','diesel','/img/product/4f83bf2b-88d6-4637-a255-cdc0855c110e_diesel_melissa_quantum_thong01.png','Black,Light Gray,Pink,Red','35,36,37,38,39,40,41','/img/product/19fbcf26-4bf7-483d-a3e1-c88c866f3fe3_diesel_melissa_quantum_thong02.png','/img/product/5b534e54-0d51-4573-8a63-037f096f36f7_diesel_melissa_quantum_thong03.png','/img/product/10c425a4-ac3c-4047-9c26-927b47acc11a_diesel_melissa_quantum_thong04.png','/img/product/c22a0a6e-fd1c-42e9-a7ec-9116de684274_diesel_melissa_quantum_thong05.png',NULL),(175,800000,'d-venus sb','shoes','diesel','/img/product/84dca952-383e-41c7-bd01-f6deda1959e6_diesel_d-venus_sb01.png','Blue/Brown','35,36,37,38,39,40,41','/img/product/572b1fc4-5e43-4971-baa3-510678b35f9c_diesel_d-venus_sb02.png','/img/product/309e016a-beca-43cc-a3e0-3f4841783f59_diesel_d-venus_sb03.png','/img/product/65e26d1c-656c-447e-b129-f7c69a14a07b_diesel_d-venus_sb04.png','/img/product/508b628b-974b-443d-bce1-3a0aadf1a2f4_diesel_d-venus_sb05.png',NULL),(176,140000,'sa-mayemi cc w','shoes','diesel','/img/product/a4faf683-0954-4885-9e1a-aa7ebb25278b_diesel_sa-mayemi_cc_w01.png','Black,White','35,36,37,38,39,40,41','/img/product/3366a02e-d970-4346-892b-4f5805f74368_diesel_sa-mayemi_cc_w02.png','/img/product/45f41eaf-7919-406c-b3ef-7c0e4754fc31_diesel_sa-mayemi_cc_w03.png','/img/product/fff4ffc8-d996-4136-8938-5f351139f80b_diesel_sa-mayemi_cc_w04.png','/img/product/8314cc10-ec05-4cbd-9ee5-ea391146907d_diesel_sa-mayemi_cc_w05.png',NULL),(177,83300,'Hooded Zip-Up Knit','outer','sculptor','/img/product/8fe7ca2a-22a0-4ae1-84fd-31fc442e8a91_sculptor_Hooded_Zip-Up_Knit01.png','Fuchsia,Neon Green','L,M,S','/img/product/bee6dc91-f69c-4531-bf1f-8d88c363213a_sculptor_Hooded_Zip-Up_Knit02.png','/img/product/35cdb952-5d6a-4098-a674-be5c5ab5e7d9_sculptor_Hooded_Zip-Up_Knit03.png','/img/product/96dd3498-cbac-4182-9e58-b7c318e74085_sculptor_Hooded_Zip-Up_Knit04.png','/img/product/f38003b0-2c6d-44ee-852f-83e1b46a712a_sculptor_Hooded_Zip-Up_Knit05.png',NULL),(178,83300,'Flag Track Zip-Up','outer','sculptor','/img/product/236dda30-d24d-4b1b-a298-5e0b5aea8f2f_sculptor_Flag_Track_Zip-Up01.png','Black,White','L,M,S,XS','/img/product/4b4a51bc-d118-4b23-86ff-d98dfeb55cbb_sculptor_Flag_Track_Zip-Up02.png','/img/product/132ae7e4-6556-4b66-aad5-53d6eeea7beb_sculptor_Flag_Track_Zip-Up03.png','/img/product/1fb581ef-2b3e-43cf-8f22-864e85c917fd_sculptor_Flag_Track_Zip-Up04.png','/img/product/e82fca30-59d4-4264-84b8-394fb04eed9d_sculptor_Flag_Track_Zip-Up05.png',NULL),(179,49200,'Striped Track Jacket','outer','sculptor','/img/product/8e3793a0-34d0-4d4c-ad29-d9f88789db6e_sculptor_Striped_Track_Jacket01.png','Baby Pink,Navy','L,M,S,XS','/img/product/15747b0c-9eda-4463-8f6a-b39ced0b6807_sculptor_Striped_Track_Jacket02.png','/img/product/18a060f7-12d9-4993-bad2-9d05138b42a5_sculptor_Striped_Track_Jacket03.png','/img/product/2aafc95a-28f6-46e3-9906-a1d36dc8b3dc_sculptor_Striped_Track_Jacket04.png','/img/product/441902c7-d9a5-4eb2-9649-d26d8944d7a2_sculptor_Striped_Track_Jacket05.png',NULL),(180,53400,'Eyelet Zip-Up Hoodie','outer','sculptor','/img/product/259b4376-23ed-45c3-9244-7f36ded0f9ce_sculptor_Eyelet_Zip-Up_Hoodie01.png','Ivory,Pale Mint,Pale Pink','M,S,XS','/img/product/72202065-c35f-48b8-9145-983ba0994fe8_sculptor_Eyelet_Zip-Up_Hoodie02.png','/img/product/e3fd587f-dc0a-4146-ae3d-8aad77012106_sculptor_Eyelet_Zip-Up_Hoodie03.png','/img/product/be37bf94-4385-4d53-8adf-53bad4277a65_sculptor_Eyelet_Zip-Up_Hoodie04.png','/img/product/f29e5296-5c6f-4da5-9ec7-5f2d82fbe518_sculptor_Eyelet_Zip-Up_Hoodie05.png',NULL),(181,83300,'Jacquard Knit Cardigan','outer','sculptor','/img/product/3c84a0db-582a-4731-80c0-fafa72fbde7d_sculptor_Jacquard_Knit_Cardigan01.png','Gray Dot,Navy Dot','L,M,S','/img/product/e9e7f67a-1a7e-4de4-9650-62bc0d7ba768_sculptor_Jacquard_Knit_Cardigan02.png','/img/product/644b7c5c-e04f-41f6-b4e1-cfe01a36a999_sculptor_Jacquard_Knit_Cardigan03.png','/img/product/7d1fe2b3-c2f3-4487-9d80-15b7573eb70e_sculptor_Jacquard_Knit_Cardigan04.png','/img/product/b6f1713a-c2fd-4ab3-a075-6aea1f7f6509_sculptor_Jacquard_Knit_Cardigan05.png',NULL),(182,76300,'Jersey Priest Hoodie Bolero','outer','sculptor','/img/product/8661e047-92ec-4600-abb5-38cd8d7e297d_sculptor_Jersey_Priest_Hoodie_Bolero01.png','Black,Brown,Khaki,Navy','L,M,S,XL,XS','/img/product/9ba462c4-ea87-48cb-a709-011157fcbd8b_sculptor_Jersey_Priest_Hoodie_Bolero02.png','/img/product/84d7104c-9931-4168-92c8-c885569cb9ef_sculptor_Jersey_Priest_Hoodie_Bolero03.png','/img/product/0d7ce369-72de-4e68-ab62-fb88aa159cd0_sculptor_Jersey_Priest_Hoodie_Bolero04.png','/img/product/1817e832-c53e-4e91-9fc5-1886725674cb_sculptor_Jersey_Priest_Hoodie_Bolero05.png',NULL),(183,41650,'Lost Tourist Tee','top','sculptor','/img/product/67ff5ba4-26d6-47c8-8a3a-c5dada7a3167_sculptor_Lost_Tourist_Tee01.png','Neon Green,Raw,Raw/Dusty Navy','L,M,S','/img/product/d15f07bc-a9fc-488d-a3b6-070956343bc7_sculptor_Lost_Tourist_Tee02.png','/img/product/245feb87-b8aa-4e94-a0b5-ba4ccb59828f_sculptor_Lost_Tourist_Tee03.png','/img/product/aceddc99-5d06-4505-8d2b-1e25a057254f_sculptor_Lost_Tourist_Tee04.png','/img/product/18f11624-d5b3-443d-afee-1a50a1a9197f_sculptor_Lost_Tourist_Tee05.png',NULL),(184,53200,'Stripe Jersey Top','top','sculptor','/img/product/225bea76-df39-434d-a9e7-2726a53d7e74_sculptor_Stripe_Jersey_Top01.png','Pale Mint,Pink,Sage','L,M,S,XS','/img/product/be720a74-4142-45d2-a2bc-eb563fcf3933_sculptor_Stripe_Jersey_Top02.png','/img/product/2b8ad6dc-0299-4cb1-aa23-d5caac8b517b_sculptor_Stripe_Jersey_Top03.png','/img/product/0d367599-c0ae-4864-9a2c-cd3adc5d7827_sculptor_Stripe_Jersey_Top04.png','/img/product/18ebbbe2-4643-4ddc-aaf3-6fb00205889a_sculptor_Stripe_Jersey_Top05.png',NULL),(185,44000,'Kentucky Stud Baby Tee','top','sculptor','/img/product/9c3be283-f9dc-4adf-841c-cb682598e9ec_sculptor_Kentucky_Stud_Baby_Tee01.png','Baby Blue,Beige,Cream','L,M,S','/img/product/e14511bc-0e1c-4594-ab6a-d19c9c35710c_sculptor_Kentucky_Stud_Baby_Tee02.png','/img/product/92fa6088-76b2-41da-8bc5-a638bbb038db_sculptor_Kentucky_Stud_Baby_Tee03.png','/img/product/fd8cb23c-b36b-4fa1-a85f-f906fdff786f_sculptor_Kentucky_Stud_Baby_Tee04.png','/img/product/dc9989f6-8b8e-4185-8484-6608eded3f6a_sculptor_Kentucky_Stud_Baby_Tee05.png',NULL),(186,33000,'Tie Sleeve Tee','top','sculptor','/img/product/9bd363a8-82dd-49f6-a669-77c4718ca1b1_sculptor_Tie_Sleeve_Tee01.png','Black,Coral,Cream','L,M,S','/img/product/fe865855-0f88-4b1a-bde7-f103eeec91ae_sculptor_Tie_Sleeve_Tee02.png','/img/product/ffee6ceb-9f0c-428d-8b49-10095781a64a_sculptor_Tie_Sleeve_Tee03.png','/img/product/12c6ca69-2339-4776-af14-6f4f7036a516_sculptor_Tie_Sleeve_Tee04.png','/img/product/5be313f9-f40f-45ca-bca2-b70d1b662e13_sculptor_Tie_Sleeve_Tee05.png',NULL),(187,65400,'Shoelace Shirring Shirt','top','sculptor','/img/product/9466ba44-3f57-4890-8145-08972684862a_sculptor_Shoelace_Shirring_Shirt01.png','Coquette White,Sky Blue','L,M,S,XS','/img/product/5d485fc4-b8ce-47c5-8227-82c58079cca3_sculptor_Shoelace_Shirring_Shirt02.png','/img/product/f05cd5ac-6803-4af4-a46f-7a83dfc0691f_sculptor_Shoelace_Shirring_Shirt03.png','/img/product/e785ac26-1211-475f-94c0-569d7e44a2a3_sculptor_Shoelace_Shirring_Shirt04.png','/img/product/8f4a07fa-dc21-48de-ae4a-01ba78ffe590_sculptor_Shoelace_Shirring_Shirt05.png',NULL),(188,62300,'Silhouette Knit Zip-Up Hoodie','top','sculptor','/img/product/de78992d-e24f-4565-824d-c3f8d76e77c3_sculptor_Silhouette_Knit_Zip-Up_Hoodie01.png','Charcoal,Melange Gray,Raw','L,M,S,XS','/img/product/dd8ae67d-8a98-4acc-99cd-7c15b97b162f_sculptor_Silhouette_Knit_Zip-Up_Hoodie02.png','/img/product/bdcb8dea-e9cb-434d-9e9d-e89ed50dc015_sculptor_Silhouette_Knit_Zip-Up_Hoodie03.png','/img/product/6b33b095-4ac4-4b2f-8559-afe533a76680_sculptor_Silhouette_Knit_Zip-Up_Hoodie04.png','/img/product/fc2470ea-790a-4ef9-9bd9-96c354a66510_sculptor_Silhouette_Knit_Zip-Up_Hoodie05.png',NULL),(189,65600,'Sticky Paint Sweatshirt','top','sculptor','/img/product/051f4c72-ad1e-439c-baea-68806e78acca_sculptor_Sticky_Paint_Sweatshirt01.png','Dusty Purple,Navy,White','L,M,S,XL','/img/product/247c6ac7-9316-43fb-b058-ec6f2472d551_sculptor_Sticky_Paint_Sweatshirt02.png','/img/product/f9f2eec6-79f7-4e83-bd8b-9a8d166c0c1c_sculptor_Sticky_Paint_Sweatshirt03.png','/img/product/dde81638-3b95-4036-b9eb-fe543f3f5ca2_sculptor_Sticky_Paint_Sweatshirt04.png','/img/product/e5b0de92-265b-42eb-88ae-843fa041dcfe_sculptor_Sticky_Paint_Sweatshirt05.png',NULL),(190,84600,'Western Shorts','bottom','sculptor','/img/product/1aa92f05-c8d5-4e8f-b6aa-bc40b1365b32_sculptor_Western_Shorts01.png','Charcoal,Khaki,White','L,M,S,XS','/img/product/bd5a7c48-2255-458f-90de-5cf3b190ec81_sculptor_Western_Shorts02.png','/img/product/f13e41c0-686e-42fb-8e3b-37872dd96f3d_sculptor_Western_Shorts03.png','/img/product/df8b5e51-2f2c-436a-84df-90c645f4b279_sculptor_Western_Shorts04.png','/img/product/7e2c6e0b-9e83-4b12-ba17-097d6e6fea34_sculptor_Western_Shorts05.png',NULL),(191,85400,'Summer PJ Pants','bottom','sculptor','/img/product/b0393c41-116c-41dd-8189-7b41a93b118e_sculptor_Summer_PJ_Pants01.png','Ash,Blue,Pink','L,M,S,XL,XS','/img/product/e17d18a3-225a-4b2a-8370-f3a64bda2cab_sculptor_Summer_PJ_Pants02.png','/img/product/f6dd76a8-6a83-4572-a58c-73f550a3ae3f_sculptor_Summer_PJ_Pants03.png','/img/product/c3655ea6-2ad3-4781-a8f1-53938208f551_sculptor_Summer_PJ_Pants04.png','/img/product/374afa85-b748-43ea-8443-ecd6fb969afd_sculptor_Summer_PJ_Pants05.png',NULL),(192,105600,'Vine Half Denim Pants','bottom','sculptor','/img/product/e1a300a9-dbe4-4c1a-aa19-bb266675690d_sculptor_Vine_Half_Denim_Pants01.png','Ice Blue,Mid Blue','L,M,S,XS','/img/product/0560e787-6041-45cf-855c-ed75d65f4c78_sculptor_Vine_Half_Denim_Pants02.png','/img/product/e850ebd4-9cad-4aa8-8fb0-d27b0168e77f_sculptor_Vine_Half_Denim_Pants03.png','/img/product/13e15174-3434-4d77-bb50-0099b150439e_sculptor_Vine_Half_Denim_Pants04.png','/img/product/89d0ed11-0a62-4be3-80ed-cf5577a8a8bd_sculptor_Vine_Half_Denim_Pants05.png',NULL),(193,90300,'Bermuda Utility Pants','bottom','sculptor','/img/product/ab0011dc-4f97-4efc-9e71-593a91a6ff6a_sculptor_Bermuda_Utility_Pants01.png','Khaki,Mocha,Navy','L,M,S,XS','/img/product/dd2daec3-943f-4625-991d-d7cc99c0880f_sculptor_Bermuda_Utility_Pants02.png','/img/product/e8994bc9-fdac-4a91-82e0-118ea2e8e0cd_sculptor_Bermuda_Utility_Pants03.png','/img/product/70cc8f26-29fd-4cc4-9b3d-a2360c07fc78_sculptor_Bermuda_Utility_Pants04.png','/img/product/cd0ffa62-8f7c-4ee4-b92c-27457735305e_sculptor_Bermuda_Utility_Pants05.png',NULL),(194,92400,'Wrap Sweatpants','bottom','sculptor','/img/product/fcde9827-ef4f-4d8b-8699-95c27b946678_sculptor_Wrap_Sweatpants01.png','Black,Dirty White,Melange Gray','L,M,S,XS','/img/product/aad34b7a-a3ff-425f-a3db-cb3cbef5a6e7_sculptor_Wrap_Sweatpants02.png','/img/product/4d626435-5c70-4e97-a4bf-54460effee44_sculptor_Wrap_Sweatpants03.png','/img/product/e98a28be-8125-41f1-aae5-e1b58f96430b_sculptor_Wrap_Sweatpants04.png','/img/product/ee017776-b1b4-4659-9c57-3a8d32281cd3_sculptor_Wrap_Sweatpants05.png',NULL),(195,76300,'90s Cotton Capri Pants','bottom','sculptor','/img/product/eaa64262-2e11-4ac9-8203-8989185eea77_sculptor_90s_Cotton_Capri_Pants01.png','Charcoal,Gray,Mauve','L,M,S,XS','/img/product/f53d9586-6ad0-47bd-8c79-dea9b9da1d90_sculptor_90s_Cotton_Capri_Pants02.png','/img/product/965e1367-9356-452a-b7e4-f28015b63006_sculptor_90s_Cotton_Capri_Pants03.png','/img/product/c79777b6-fcbd-4ae9-a1e6-a05eaed4fe4d_sculptor_90s_Cotton_Capri_Pants04.png','/img/product/8f6c5563-9d66-4822-9fb4-fa6651a77496_sculptor_90s_Cotton_Capri_Pants05.png',NULL),(197,69500,'Plan Cargo Pants','bottom','tecket','/img/product/2a03d87e-7329-4be5-8080-c564e2cbd6f1_teket_Plan_Cargo_Pants01.png','Cream,Navy','Large,Medium,Small','/img/product/ff451a85-0744-4b3f-a11f-16f022c5a9f6_teket_Plan_Cargo_Pants02.png','/img/product/531c8f58-b782-4235-a58e-8f6e994fbd40_teket_Plan_Cargo_Pants03.png','/img/product/2887def9-821f-4e94-82e4-bf4d8c44297d_teket_Plan_Cargo_Pants04.png','/img/product/703b8218-c8da-4001-8a05-8f3c33d54f94_teket_Plan_Cargo_Pants05.png',NULL),(198,1500000,'L-Pop','outer','diesel','/img/product/ab03f9ef-46df-4656-b5b6-a33afbdd8898_diesel_L-Pop01.png','Gray,Red,White,Yellow','44,46,48,50,52,54,56','/img/product/6ea652b1-1102-4068-b7b5-c51f82e58398_diesel_L-Pop02.png','/img/product/0624de12-752a-4789-a0bd-c2f77bd98f58_diesel_L-Pop03.png','/img/product/37d4b9b4-b658-446d-a4d1-251b55e0f8c3_diesel_L-Pop04.png','/img/product/59d3d9c9-9b84-4759-95ea-e5ed33c3a719_diesel_L-Pop05.png',NULL);
/*!40000 ALTER TABLE `product` ENABLE KEYS */;
UNLOCK TABLES;

--
-- Table structure for table `review`
--

DROP TABLE IF EXISTS `review`;
/*!40101 SET @saved_cs_client     = @@character_set_client */;
/*!50503 SET character_set_client = utf8mb4 */;
CREATE TABLE `review` (
  `review_idx` int NOT NULL AUTO_INCREMENT,
  `order_idx_review` int NOT NULL,
  `star` int DEFAULT NULL,
  `review_date` datetime NOT NULL,
  `review_photo` varchar(500) DEFAULT NULL,
  `content` varchar(500) DEFAULT NULL,
  `p_id` int NOT NULL,
  `review_title` varchar(255) DEFAULT NULL,
  PRIMARY KEY (`review_idx`),
  UNIQUE KEY `order_idx_UNIQUE_review` (`order_idx_review`),
  KEY `fk_review_product` (`p_id`),
  CONSTRAINT `fk_review_product` FOREIGN KEY (`p_id`) REFERENCES `product` (`p_id`) ON DELETE CASCADE,
  CONSTRAINT `order_idx_review` FOREIGN KEY (`order_idx_review`) REFERENCES `orders_backup` (`order_idx`) ON DELETE CASCADE
) ENGINE=InnoDB AUTO_INCREMENT=26 DEFAULT CHARSET=utf8mb4 COLLATE=utf8mb4_0900_ai_ci;
/*!40101 SET character_set_client = @saved_cs_client */;

--
-- Dumping data for table `review`
--

LOCK TABLES `review` WRITE;
/*!40000 ALTER TABLE `review` DISABLE KEYS */;
/*!40000 ALTER TABLE `review` ENABLE KEYS */;
UNLOCK TABLES;

--
-- Table structure for table `size`
--

DROP TABLE IF EXISTS `size`;
/*!40101 SET @saved_cs_client     = @@character_set_client */;
/*!50503 SET character_set_client = utf8mb4 */;
CREATE TABLE `size` (
  `size_idx` int NOT NULL AUTO_INCREMENT,
  `size_name` varchar(255) DEFAULT NULL,
  PRIMARY KEY (`size_idx`),
  UNIQUE KEY `size_name_UNIQUE` (`size_name`)
) ENGINE=InnoDB AUTO_INCREMENT=48 DEFAULT CHARSET=utf8mb4 COLLATE=utf8mb4_0900_ai_ci;
/*!40101 SET character_set_client = @saved_cs_client */;

--
-- Dumping data for table `size`
--

LOCK TABLES `size` WRITE;
/*!40000 ALTER TABLE `size` DISABLE KEYS */;
INSERT INTO `size` VALUES (21,'23'),(22,'24'),(23,'25'),(9,'26'),(10,'27'),(11,'28'),(12,'29'),(13,'30'),(14,'31'),(15,'32'),(16,'33'),(17,'34'),(24,'35'),(18,'36'),(25,'37'),(19,'38'),(26,'39'),(45,'3XL'),(20,'40'),(27,'41'),(28,'42'),(29,'43'),(30,'44'),(31,'45'),(32,'46'),(33,'48'),(34,'50'),(35,'52'),(36,'54'),(37,'56'),(42,'L'),(7,'Large'),(41,'M'),(6,'Medium'),(8,'One Size'),(40,'S'),(5,'Small'),(43,'XL'),(39,'XS'),(44,'XXL'),(38,'XXS');
/*!40000 ALTER TABLE `size` ENABLE KEYS */;
UNLOCK TABLES;

--
-- Table structure for table `wish`
--

DROP TABLE IF EXISTS `wish`;
/*!40101 SET @saved_cs_client     = @@character_set_client */;
/*!50503 SET character_set_client = utf8mb4 */;
CREATE TABLE `wish` (
  `wish_idx` int NOT NULL AUTO_INCREMENT,
  `c_id_wish` int NOT NULL,
  `p_id_wish` int NOT NULL,
  `wish_check` int NOT NULL DEFAULT '1',
  `wish_color` varchar(500) DEFAULT NULL,
  `wish_size` varchar(500) DEFAULT NULL,
  `cart_color` varchar(255) DEFAULT NULL,
  `cart_size` varchar(255) DEFAULT NULL,
  PRIMARY KEY (`wish_idx`),
  KEY `c_id_wish_idx` (`c_id_wish`),
  KEY `p_id_wish_idx` (`p_id_wish`),
  CONSTRAINT `fk_wish_customer` FOREIGN KEY (`c_id_wish`) REFERENCES `customer` (`id`) ON DELETE CASCADE,
  CONSTRAINT `p_id_wish` FOREIGN KEY (`p_id_wish`) REFERENCES `product` (`p_id`) ON DELETE CASCADE
) ENGINE=InnoDB AUTO_INCREMENT=54 DEFAULT CHARSET=utf8mb4 COLLATE=utf8mb4_0900_ai_ci;
/*!40101 SET character_set_client = @saved_cs_client */;

--
-- Dumping data for table `wish`
--

LOCK TABLES `wish` WRITE;
/*!40000 ALTER TABLE `wish` DISABLE KEYS */;
INSERT INTO `wish` VALUES (18,4,197,1,NULL,NULL,NULL,NULL),(25,24,198,1,NULL,NULL,NULL,NULL),(30,25,148,1,NULL,NULL,NULL,NULL),(31,25,169,1,NULL,NULL,NULL,NULL),(32,29,190,1,NULL,NULL,NULL,NULL),(33,29,157,1,NULL,NULL,NULL,NULL),(34,30,145,1,NULL,NULL,NULL,NULL),(35,30,156,1,NULL,NULL,NULL,NULL),(36,31,180,1,NULL,NULL,NULL,NULL),(37,31,145,1,NULL,NULL,NULL,NULL),(38,31,175,1,NULL,NULL,NULL,NULL),(39,1,182,1,NULL,NULL,NULL,NULL),(40,32,178,1,NULL,NULL,NULL,NULL),(41,2,181,1,NULL,NULL,NULL,NULL),(42,33,180,1,NULL,NULL,NULL,NULL),(43,33,178,1,NULL,NULL,NULL,NULL),(44,34,144,1,NULL,NULL,NULL,NULL),(45,34,138,1,NULL,NULL,NULL,NULL),(46,35,138,1,NULL,NULL,NULL,NULL),(47,35,140,1,NULL,NULL,NULL,NULL),(48,35,175,1,NULL,NULL,NULL,NULL),(49,35,198,1,NULL,NULL,NULL,NULL),(50,37,146,1,NULL,NULL,NULL,NULL),(51,37,152,1,NULL,NULL,NULL,NULL),(52,37,166,1,NULL,NULL,NULL,NULL),(53,37,147,1,NULL,NULL,NULL,NULL);
/*!40000 ALTER TABLE `wish` ENABLE KEYS */;
UNLOCK TABLES;
/*!40103 SET TIME_ZONE=@OLD_TIME_ZONE */;

/*!40101 SET SQL_MODE=@OLD_SQL_MODE */;
/*!40014 SET FOREIGN_KEY_CHECKS=@OLD_FOREIGN_KEY_CHECKS */;
/*!40014 SET UNIQUE_CHECKS=@OLD_UNIQUE_CHECKS */;
/*!40101 SET CHARACTER_SET_CLIENT=@OLD_CHARACTER_SET_CLIENT */;
/*!40101 SET CHARACTER_SET_RESULTS=@OLD_CHARACTER_SET_RESULTS */;
/*!40101 SET COLLATION_CONNECTION=@OLD_COLLATION_CONNECTION */;
/*!40111 SET SQL_NOTES=@OLD_SQL_NOTES */;

-- Dump completed on 2025-07-23  8:50:48
