-- 창고
INSERT INTO warehouse(name, kr_name)
VALUES ('wh_a', 'A창고'),
       ('wh_b', 'B창고'),
       ('wh_c', 'C창고');


-- 권한
INSERT
INTO role (name, stock_in, update_min_stock, add_item, approve_item, update_user_info)
VALUES ('USER', 'N', 'N', 'N', 'N', 'N'),
       ('MANAGER', 'Y', 'Y', 'Y', 'N', 'N'),
       ('ADMIN', 'Y', 'Y', 'Y', 'Y', 'Y');


-- 카테고리
INSERT INTO category (name, kr_name)
VALUES ('office', '사무용품'),
       ('electronics', '전자기기'),
       ('furniture', '가구/사무환경'),
       ('consumables', '소모품'),
       ('safety', '안전/보안'),
       ('pantry', '커피/간식/편의용품'),
       ('others', '기타');


-- 부서
INSERT INTO dept (code, name)
VALUES ('PRD', '생산/공정'),
       ('QAC', '품질관리'),
       ('RND', '연구개발'),
       ('SAL', '영업'),
       ('LOG', '물류/배송'),
       ('FIN', '재무/회계'),
       ('HRD', '인사/총무'),
       ('MKT', '마케팅/홍보'),
       ('CUS', '고객지원/CS');


-- 사원
INSERT INTO emp (dept_id, code, name, email, phone, birth_date, hire_date)
VALUES (1, '23030001PRD', '김철수', 'kimcs@example.com', '010-1234-0001', '1990-01-15', '2023-03-15'),
       (2, '22070002QAC', '이영희', 'leeyh@example.com', '010-1234-0002', '1988-05-22', '2022-07-20'),
       (3, '21110003RND', '박민수', 'parkms@example.com', '010-1234-0003', '1992-09-10', '2021-11-01'),
       (4, '23010004SAL', '최지훈', 'choijh@example.com', '010-1234-0004', '1991-02-18', '2023-01-05'),
       (5, '20060005LOG', '한수진', 'hansj@example.com', '010-1234-0005', '1989-12-30', '2020-06-12'),
       (6, '19090006FIN', '강민지', 'kangmj@example.com', '010-1234-0006', '1990-07-08', '2019-09-25'),
       (7, '23020007HRD', '송해람', 'song@example.com', '010-1234-0007', '1991-04-14', '2020-02-10'),
       (7, '23020008HRD', '안현민', 'ahn@example.com', '010-1234-0008', '1992-08-21', '2021-02-10'),
       (7, '23020009HRD', '김태준', 'kim@example.com', '010-1234-0009', '1993-03-05', '2022-02-10'),
       (7, '23020010HRD', '조규철', 'cho@example.com', '010-1234-0010', '1989-11-30', '2023-02-10'),
       (7, '23020011HRD', '최유리', 'choiyr@example.com', '010-1234-0011', '1990-06-17', '2023-02-10'),
       (7, '23020012HRD', '한민재', 'hanmj@example.com', '010-1234-0012', '1991-12-02', '2023-02-10'),
       (7, '23020013HRD', '윤지호', 'yoonjh@example.com', '010-1234-0013', '1992-05-28', '2023-02-10'),
       (7, '23020014HRD', '이서연', 'leesy@example.com', '010-1234-0014', '1993-07-11', '2023-02-10'),
       (7, '23020015HRD', '김민호', 'kimmh@example.com', '010-1234-0015', '1990-09-23', '2023-02-10'),
       (7, '23020016HRD', '박서현', 'parksy@example.com', '010-1234-0016', '1991-01-09', '2023-02-10'),
       (8, '22120017MKT', '최하늘', 'choihn@example.com', '010-1234-0017', '1992-03-12', '2022-12-01'),
       (9, '23040018CUS', '이수빈', 'leesb@example.com', '010-1234-0018', '1990-08-19', '2023-04-20');


-- 사용자
INSERT INTO user (emp_id, pwd, status, role_id, create_date)
VALUES (1, 'asd123', 'ACTIVE', 1, '2023-03-15'),
       (2, 'asd123', 'ACTIVE', 1, '2022-07-20'),
       (3, 'asd123', 'ACTIVE', 1, '2021-11-01'),
       (4, 'asd123', 'ACTIVE', 1, '2023-01-05'),
       (5, 'asd123', 'ACTIVE', 1, '2020-06-12'),
       (6, 'asd123', 'ACTIVE', 1, '2019-09-25'),
       (7, 'asd123', 'ACTIVE', 3, '2022-03-03'),
       (8, 'asd123', 'ACTIVE', 2, '2022-02-02'),
       (9, 'asd123', 'ACTIVE', 1, '2022-01-01'),
       (10, 'asd123', 'ACTIVE', 1, '2022-01-01'),
       (16, 'asd123', 'ACTIVE', 1, '2023-02-10'),
       (17, 'asd123', 'ACTIVE', 1, '2022-12-01'),
       (18, 'asd123', 'ACTIVE', 1, '2023-04-20');


-- 비품
INSERT INTO item (category_id, code, name, manufacturer, price, add_date, add_user, approve_user, status)
VALUES (1, '00101241003', '스테이플러', '코쿠요', 6500, DATE '2024-10-03', '23020008HRD', '23020007HRD', 'ACTIVE'),
       (1, '', '스테이플심 No.10', '모나미', 1200, DATE '2024-10-18', '23020008HRD', '', 'PENDING'),
       (1, '', '화이트보드 마커', '동아', 1500, DATE '2024-12-22', '23020008HRD', '', 'PENDING'),
       (1, '00401250201', '커팅매트 A3', '올리카', 9800, DATE '2025-02-01', '23020008HRD', '23020007HRD', 'INACTIVE'),
       (1, '', '클립 세트', '삼정문구', 2500, DATE '2025-03-03', '23020008HRD', '', 'REJECTED'),
       (1, '00601250328', '라벨지 A4(100매)', '에이원', 11500, DATE '2025-03-28', '23020008HRD', '23020007HRD', 'ACTIVE'),
       (1, '', '도면튜브', '코쿠요', 8900, DATE '2025-04-21', '23020008HRD', '', 'PENDING'),
       (1, '', '자 30cm', '미쯔비시', 1200, DATE '2025-05-24', '23020008HRD', '', 'PENDING'),
       (1, '00901250510', '네임펜', '유니', 1800, DATE '2025-05-10', '23020008HRD', '23020007HRD', 'INACTIVE'),
       (1, '01001250607', '라미네이츠 D링 화일', '라미네이츠', 4200, DATE '2025-06-07', '23020008HRD', '23020007HRD', 'ACTIVE'),
       (1, '', '지퍼백 대형(100매)', '지퍼스', 6500, DATE '2025-06-21', '23020008HRD', '', 'PENDING'),
       (1, '01201250705', '마스킹 테이프', '니토', 3500, DATE '2025-07-05', '23020008HRD', '23020007HRD', 'ACTIVE'),
       (1, '', '포켓 화일(100매)', '모닝글로리', 7800, DATE '2025-07-19', '23020008HRD', '', 'PENDING'),
       (1, '01401250802', '연필 HB(12자루)', '톰보', 4200, DATE '2025-08-02', '23020008HRD', '23020007HRD', 'ACTIVE'),
       (1, '', '칼날 커터 리필', '도루코', 2500, DATE '2025-08-16', '23020008HRD', '', 'PENDING'),
       (1, '01601250830', '바인더(2공)', '모나미', 2500, DATE '2025-08-30', '23020008HRD', '23020007HRD', 'INACTIVE'),
       (1, '', '도화지 A3(100매)', '문교', 11500, DATE '2025-09-13', '23020008HRD', '', 'PENDING'),
       (1, '01801250927', '화이트보드 지우개', '동아', 3000, DATE '2025-09-27', '23020008HRD', '23020007HRD', 'ACTIVE'),
       (1, '', '칼자루 고정 클립', '모닝글로리', 2500, DATE '2025-10-02', '23020008HRD', '', 'PENDING'),
       (1, '02001251004', '커터칼', '도루코', 3000, DATE '2025-10-04', '23020008HRD', '23020007HRD', 'ACTIVE'),


       (2, '02102241102', '무선 마우스', '로지텍', 29000, DATE '2024-11-02', '23020008HRD', '23020007HRD', 'ACTIVE'),
       (2, '02202241215', '외장 SSD 1TB', '삼성', 149000, DATE '2024-12-15', '23020008HRD', '23020007HRD', 'ACTIVE'),
       (2, '', 'HDMI 케이블 2m', '소니', 9000, DATE '2025-01-25', '23020008HRD', '', 'REJECTED'),
       (2, '02402250228', '웹캠 FHD', '로지텍', 69000, DATE '2025-02-28', '23020008HRD', '23020007HRD', 'ACTIVE'),
       (2, '', 'USB 허브 4포트', '유그린', 17000, DATE '2025-03-25', '23020008HRD', '', 'PENDING'),
       (2, '02602250418', '노트북 거치대', '레노버', 39000, DATE '2025-04-18', '23020008HRD', '23020007HRD', 'ACTIVE'),
       (2, '', '스위치 허브 8포트', 'TP-Link', 29000, DATE '2025-05-08', '23020008HRD', '', 'PENDING'),
       (2, '02802250522', '블루투스 스피커', 'JBL', 79000, DATE '2025-05-22', '23020008HRD', '23020007HRD', 'ACTIVE'),
       (2, '', '무선 충전패드', '삼성', 29000, DATE '2025-06-05', '23020008HRD', '', 'PENDING'),
       (2, '03002250619', '레이저 포인터', '로지텍', 39000, DATE '2025-06-19', '23020008HRD', '23020007HRD', 'ACTIVE'),
       (2, '', '마이크 콘덴서', '슈어', 119000, DATE '2025-07-03', '23020008HRD', '', 'PENDING'),
       (2, '03202250717', 'USB-C 케이블(3m)', '앤커', 15900, DATE '2025-07-17', '23020008HRD', '23020007HRD', 'ACTIVE'),
       (2, '', '스마트 플러그', '샤오미', 14900, DATE '2025-07-31', '23020008HRD', '', 'REJECTED'),
       (2, '', '유선 랜케이블 Cat6(5m)', '벨킨', 6500, DATE '2025-08-28', '23020008HRD', '', 'PENDING'),
       (2, '03502250911', '모니터 27인치 FHD', '삼성', 219000, DATE '2025-09-11', '23020008HRD', '23020007HRD', 'ACTIVE'),
       (2, '', 'USB 메모리 64GB', '샌디스크', 10900, DATE '2025-09-25', '23020008HRD', '', 'PENDING'),
       (2, '03702251001', '웹캠 4K', '로지텍', 129000, DATE '2025-10-01', '23020008HRD', '23020007HRD', 'ACTIVE'),
       (2, '', '파워서플라이 750W', '시소닉', 139000, DATE '2025-10-05', '23020008HRD', '', 'PENDING'),


       (3, '', '이동식 서랍', '퍼시스', 99000, DATE '2024-11-11', '23020008HRD', '', 'PENDING'),
       (3, '04003241228', '모니터 암', '노드플렉스', 69000, DATE '2024-12-28', '23020008HRD', '23020007HRD', 'ACTIVE'),
       (3, '', '책장 5단', '일룸', 120000, DATE '2025-02-04', '23020008HRD', '', 'PENDING'),
       (3, '04203250306', '회의용 의자(팔걸이)', '퍼시스', 135000, DATE '2025-03-06', '23020008HRD', '23020007HRD', 'ACTIVE'),
       (3, '04303250401', '코트 행거', '한샘', 39000, DATE '2025-04-01', '23020008HRD', '23020007HRD', 'INACTIVE'),
       (3, '04403250424', '발받침 각도조절형', '코아스', 39000, DATE '2025-04-24', '23020008HRD', '23020007HRD', 'ACTIVE'),
       (3, '04503250512', '전동 높낮이 책상', '퍼시스', 490000, DATE '2025-05-12', '23020008HRD', '23020007HRD', 'INACTIVE'),
       (3, '04603250526', '파티션(소)', '코아스', 110000, DATE '2025-05-26', '23020008HRD', '23020007HRD', 'INACTIVE'),
       (3, '04703250609', '요추받침 쿠션', '시디즈', 22000, DATE '2025-06-09', '23020008HRD', '23020007HRD', 'INACTIVE'),
       (3, '04803250623', '발매트(대)', '한샘', 27000, DATE '2025-06-23', '23020008HRD', '23020007HRD', 'ACTIVE'),
       (3, '04903250707', '서버랙 9U', '한미랙', 159000, DATE '2025-07-07', '23020008HRD', '23020007HRD', 'INACTIVE'),
       (3, '05003250721', '케이블 정리함', '블루라이트', 18000, DATE '2025-07-21', '23020008HRD', '23020007HRD', 'ACTIVE'),
       (3, '', '발받침 메쉬형', '시디즈', 31000, DATE '2025-08-04', '23020008HRD', '', 'REJECTED'),
       (3, '05203250818', '회의용 테이블(중)', '한샘', 210000, DATE '2025-08-18', '23020008HRD', '23020007HRD', 'ACTIVE'),
       (3, '', '케이블 트레이', '코아스', 27000, DATE '2025-09-01', '23020008HRD', '', 'PENDING'),
       (3, '05403250915', '의자 바퀴(5개 세트)', '퍼시스', 14000, DATE '2025-09-15', '23020008HRD', '23020007HRD', 'ACTIVE'),
       (3, '', '발열 무릎담요', '일렉온', 29000, DATE '2025-09-28', '23020008HRD', '', 'PENDING'),
       (3, '05603251003', '책상 파워탭 매립형', '코아스', 59000, DATE '2025-10-03', '23020008HRD', '23020007HRD', 'ACTIVE'),
       (3, '', '의자 등받이 커버', '시디즈', 15000, DATE '2025-10-06', '23020008HRD', '', 'PENDING'),

       (4, '05804241123', '레이저 프린터 토너', 'HP', 85000, DATE '2024-11-23', '23020008HRD', '23020007HRD', 'ACTIVE'),
       (4, '', '복사용지 A4 80g(1Box)', '더블에이', 33000, DATE '2025-01-03', '23020008HRD', '', 'PENDING'),
       (4, '06004250210', '점착 메모지(대)', '밀란', 3200, DATE '2025-02-10', '23020008HRD', '23020007HRD', 'ACTIVE'),
       (4, '', '건전지 AA(20입)', '에너자이저', 13900, DATE '2025-03-10', '23020008HRD', '', 'PENDING'),
       (4, '06204250404', '박스테이프(투명)', '3M', 4500, DATE '2025-04-04', '23020008HRD', '23020007HRD', 'ACTIVE'),
       (4, '', '지우개', '모나미', 800, DATE '2025-04-27', '23020008HRD', '', 'PENDING'),
       (4, '06404250514', '절연테이프', '3M', 2100, DATE '2025-05-14', '23020008HRD', '23020007HRD', 'ACTIVE'),
       (4, '06504250528', '유분제거 티슈', '크리넥스', 3200, DATE '2025-05-28', '23020008HRD', '23020007HRD', 'INACTIVE'),
       (4, '', '클리너 스프레이', '더클린', 4500, DATE '2025-06-25', '23020008HRD', '', 'REJECTED'),
       (4, '06704250611', '라텍스 장갑(100매)', '유한킴벌리', 7900, DATE '2025-06-11', '23020008HRD', '23020007HRD', 'ACTIVE'),
       (4, '', '절연테이프', '3M', 2100, DATE '2025-05-16', '23020008HRD', '',
        'PENDING'),
       (4, '06904250709', '케이블 정리 브러시', '크린업', 5900, DATE '2025-07-09', '23020008HRD', '23020007HRD', 'INACTIVE'),
       (4, '', '라텍스 고무밴드 세트', '니토', 3900, DATE '2025-07-23', '23020008HRD', '', 'PENDING'),
       (4, '07104250806', '포스트잇 플래그', '3M', 5200, DATE '2025-08-06', '23020008HRD', '23020007HRD', 'INACTIVE'),
       (4, '07204250903', '박스 포장끈', '한솔', 5900, DATE '2025-09-03', '23020008HRD', '23020007HRD', 'ACTIVE'),
       (4, '', '분무기 소형', '한솔', 3500, DATE '2025-09-17', '23020008HRD', '', 'PENDING'),
       (4, '07404250929', '복사용지 B5(1Box)', '한국제지', 31000, DATE '2025-09-29', '23020008HRD', '23020007HRD', 'ACTIVE'),
       (4, '', '테이프 디스펜서', '3M', 7200, DATE '2025-10-02', '23020008HRD', '', 'PENDING'),


       (5, '', '안전고글', '크린가드', 5900, DATE '2024-12-01', '23020008HRD', '', 'REJECTED'),
       (5, '07705250107', '장갑 니트릴', '쇼와', 3900, DATE '2025-01-07', '23020008HRD', '23020007HRD', 'ACTIVE'),
       (5, '', '비상랜턴', '파나소닉', 18000, DATE '2025-02-14', '23020008HRD', '', 'PENDING'),
       (5, '07905250314', '소화기 3.3kg', '한화', 35000, DATE '2025-03-14', '23020008HRD', '23020007HRD', 'ACTIVE'),
       (5, '', '방진마스크 KF94(50매)', '웰킵스', 19900, DATE '2025-04-08', '23020008HRD', '', 'REJECTED'),
       (5, '08105250430', '안전화', '아텍스', 69000, DATE '2025-04-30', '23020008HRD', '23020007HRD', 'INACTIVE'),
       (5, '', '미끄럼 방지 테이프', '3M', 9900, DATE '2025-05-16', '23020008HRD', '', 'PENDING'),
       (5, '08305250530', '구급함(대)', '한빛메디칼', 42000, DATE '2025-05-30', '23020008HRD', '23020007HRD', 'ACTIVE'),
       (5, '', '소화기 거치대', '한화', 11000, DATE '2025-06-13', '23020008HRD', '', 'PENDING'),
       (5, '08505250627', '안전표지 스티커', '세이프라인', 9800, DATE '2025-06-27', '23020008HRD', '23020007HRD', 'ACTIVE'),
       (5, '', '비상호루라기', '세이프가드', 2500, DATE '2025-07-11', '23020008HRD', '', 'PENDING'),
       (5, '08705250725', '산업용 장갑 컷5', '쇼와', 8900, DATE '2025-07-25', '23020008HRD', '23020007HRD', 'INACTIVE'),
       (5, '08805250822', '안전모', '태광', 22000, DATE '2025-08-22', '23020008HRD', '23020007HRD', 'ACTIVE'),
       (5, '', '화재 대피표지 세트', '세이프라인', 12500, DATE '2025-09-05', '23020008HRD', '', 'PENDING'),
       (5, '09005250919', '안전 로프 20m', '세이프가드', 24000, DATE '2025-09-19', '23020008HRD', '23020007HRD', 'ACTIVE'),
       (5, '', '보안 봉투 대형', '지앤지', 4500, DATE '2025-09-30', '23020008HRD', '', 'PENDING'),
       (5, '09205251003', '안전 펜스(이동식)', '세이프라인', 129000, DATE '2025-10-03', '23020008HRD', '23020007HRD', 'INACTIVE'),

       (6, '09306241205', '드립커피 원두 1kg', '할리스', 22000, DATE '2024-12-05', '23020008HRD', '23020007HRD', 'INACTIVE'),
       (6, '', '생수 2L(12입)', '농심', 8500, DATE '2025-01-12', '23020008HRD', '', 'PENDING'),
       (6, '09506250220', '컵라면 멀티팩', '농심', 6900, DATE '2025-02-20', '23020008HRD', '23020007HRD', 'ACTIVE'),
       (6, '', '종이컵 13oz(1000개)', '모닝컵', 12500, DATE '2025-03-18', '23020008HRD', '', 'PENDING'),
       (6, '', '사탕 벌크 2kg', '오리온', 13800, DATE '2025-05-02', '23020008HRD', '', 'PENDING'),
       (6, '09806250518', '핫초코 파우더', '스위트가이', 6900, DATE '2025-05-18', '23020008HRD', '23020007HRD', 'ACTIVE'),
       (6, '', '시리얼 대용량', '켈로그', 8900, DATE '2025-06-01', '23020008HRD', '', 'PENDING'),
       (6, '10006250615', '캔음료(콜라 24캔)', '코카콜라', 17500, DATE '2025-06-15', '23020008HRD', '23020007HRD', 'ACTIVE'),
       (6, '', '과일 젤리 벌크', '해태', 9900, DATE '2025-06-29', '23020008HRD', '', 'PENDING'),
       (6, '10206250713', '드립 필터(100매)', '칼리타', 5900, DATE '2025-07-13', '23020008HRD', '23020007HRD', 'ACTIVE'),
       (6, '', '설탕 스틱(500T)', '큐원', 8900, DATE '2025-07-27', '23020008HRD', '', 'PENDING'),
       (6, '10406250810', '얼음컵 16oz(1000개)', '모닝컵', 16900, DATE '2025-08-10', '23020008HRD', '23020007HRD', 'INACTIVE'),
       (6, '', '과자 박스 혼합', '오리온', 12900, DATE '2025-08-24', '23020008HRD', '', 'PENDING'),
       (6, '10606250907', '믹스커피(200T)', '맥심', 24500, DATE '2025-09-07', '23020008HRD', '23020007HRD', 'ACTIVE'),
       (6, '', '컵 뚜껑 13oz(1000개)', '모닝컵', 9500, DATE '2025-09-21', '23020008HRD', '', 'PENDING'),
       (6, '10806250930', '스낵 믹스 박스', '롯데', 11900, DATE '2025-09-30', '23020008HRD', '23020007HRD', 'ACTIVE'),
       (6, '', '캡슐커피(60개)', '네스프레소', 39000, DATE '2025-10-01', '23020008HRD', '', 'REJECTED'),

       (7, '', '우산', '레인보우', 8500, DATE '2024-12-09', '23020008HRD', '', 'PENDING'),
       (7, '11107250118', '라벨 프린터', '브라더', 69000, DATE '2025-01-18', '23020008HRD', '23020007HRD', 'ACTIVE'),
       (7, '', '케이블 타이 혼합(300개)', '케이블맨', 5900, DATE '2025-02-24', '23020008HRD', '', 'PENDING'),
       (7, '11307250321', '케이블 테스트기', '넷메이트', 35000, DATE '2025-03-21', '23020008HRD', '23020007HRD', 'ACTIVE'),
       (7, '', '정전기 방지 손목밴드', '안티스태틱', 5900, DATE '2025-04-15', '23020008HRD', '', 'PENDING'),
       (7, '11507250505', '라벨 테이프(12mm)', '브라더', 12900, DATE '2025-05-05', '23020008HRD', '23020007HRD', 'ACTIVE'),
       (7, '', '보관함 스몰', '보쉬', 21900, DATE '2025-05-20', '23020008HRD', '', 'PENDING'),
       (7, '11707250603', 'USB 충전기 65W', 'Anker', 39000, DATE '2025-06-03', '23020008HRD', '23020007HRD', 'ACTIVE'),
       (7, '', '방수 테이프(넓은폭)', '플렉스실', 12900, DATE '2025-06-17', '23020008HRD', '', 'PENDING'),
       (7, '11907250701', '케이블 릴', '디월트', 39000, DATE '2025-07-01', '23020008HRD', '23020007HRD', 'ACTIVE'),
       (7, '', '멀티툴 세트', '레더맨', 89000, DATE '2025-07-15', '23020008HRD', '', 'REJECTED'),
       (7, '12107250729', '레이저 거리측정기', '보쉬', 99000, DATE '2025-07-29', '23020008HRD', '23020007HRD', 'ACTIVE'),
       (7, '12207250826', '휴대용 선풍기', '샤오미', 17900, DATE '2025-08-26', '23020008HRD', '23020007HRD', 'ACTIVE'),
       (7, '', '멀티탭 6구 서지', '허브존', 23000, DATE '2025-09-09', '23020008HRD', '', 'PENDING'),
       (7, '12407250923', '라벨 메이커 휴대형', '브라더', 59000, DATE '2025-09-23', '23020008HRD', '23020007HRD', 'ACTIVE'),
       (7, '', '라텍스 장갑(200매)', '유한킴벌리', 14900, DATE '2025-10-04', '23020008HRD', '', 'PENDING'),
       (7, '12607251005', '공구 수납함(중)', '보쉬', 39000, DATE '2025-10-05', '23020008HRD', '23020007HRD', 'ACTIVE');

-- 재고
INSERT INTO stock (item_id, warehouse_id, quantity)
VALUES (1, 1, 49),
       (1, 2, 40),
       (6, 2, 107),
       (6, 3, 72),
       (10, 1, 99),
       (10, 3, 55),
       (12, 1, 86),
       (12, 2, 116),
       (14, 2, 117),
       (14, 3, 133),
       (18, 1, 59),
       (18, 3, 65),
       (20, 1, 96),
       (20, 2, 76),
       (21, 2, 118),
       (21, 3, 88),
       (22, 1, 100),
       (22, 3, 140),
       (24, 1, 70),
       (24, 2, 117),
       (26, 2, 101),
       (26, 3, 134),
       (28, 1, 50),
       (28, 3, 132),
       (30, 1, 62),
       (30, 2, 67),
       (32, 2, 93),
       (32, 3, 84),
       (35, 1, 106),
       (35, 3, 133),
       (37, 1, 68),
       (37, 2, 82),
       (40, 2, 120),
       (40, 3, 109),
       (42, 2, 138),
       (42, 3, 102),
       (44, 2, 111),
       (44, 3, 92),
       (48, 1, 49),
       (48, 2, 107),
       (50, 1, 93),
       (50, 2, 84),
       (52, 1, 97),
       (52, 3, 112),
       (54, 2, 110),
       (54, 3, 101),
       (56, 2, 119),
       (56, 3, 95),
       (58, 1, 127),
       (58, 3, 105),
       (60, 1, 118),
       (60, 2, 95),
       (62, 1, 140),
       (62, 3, 122),
       (64, 1, 107),
       (64, 3, 112),
       (67, 2, 112),
       (72, 3, 98),
       (72, 1, 104),
       (74, 3, 127),
       (77, 2, 90),
       (77, 1, 99),
       (79, 1, 118),
       (79, 2, 95),
       (83, 2, 94),
       (83, 3, 118),
       (85, 1, 112),
       (85, 3, 98),
       (88, 3, 127),
       (88, 1, 112),
       (90, 1, 133),
       (90, 3, 111),
       (95, 1, 60),
       (95, 3, 55),
       (98, 1, 40),
       (98, 2, 45),
       (98, 3, 35),
       (100, 1, 150),
       (102, 1, 70),
       (102, 2, 50),
       (106, 1, 60),
       (106, 2, 25),
       (106, 3, 30),
       (108, 1, 80),
       (108, 2, 40),
       (108, 3, 30),
       (111, 1, 100),
       (113, 1, 55),
       (113, 2, 60),
       (115, 2, 70),
       (115, 3, 50),
       (117, 1, 65),
       (117, 2, 40),
       (117, 3, 35),
       (119, 1, 130),
       (121, 1, 90),
       (121, 2, 20),
       (122, 1, 60),
       (122, 2, 60),
       (122, 3, 40),
       (124, 2, 75),
       (124, 3, 45),
       (126, 1, 180);
-- 적정재고
INSERT INTO min_stock (item_id, standard_qty, safety_qty, status)
VALUES (1, 230, 130, 'LOW'),
       (6, 250, 120, 'OK'),
       (10, 280, 140, 'OK'),
       (12, 190, 150, 'OK'),
       (14, 270, 120, 'OK'),
       (18, 260, 130, 'LOW'),
       (20, 240, 140, 'OK'),
       (21, 290, 100, 'OK'),
       (22, 300, 150, 'OK'),
       (24, 210, 110, 'OK'),
       (26, 270, 140, 'OK'),
       (28, 250, 120, 'OK'),
       (30, 290, 130, 'LOW'),
       (32, 260, 140, 'OK'),
       (35, 280, 120, 'OK'),
       (37, 240, 110, 'OK'),
       (40, 300, 150, 'OK'),
       (42, 270, 120, 'OK'),
       (44, 290, 130, 'OK'),
       (48, 260, 110, 'OK'),
       (50, 230, 140, 'OK'),
       (52, 280, 130, 'OK'),
       (54, 240, 120, 'OK'),
       (56, 300, 140, 'OK'),
       (58, 210, 130, 'OK'),
       (60, 270, 150, 'OK'),
       (62, 250, 140, 'OK'),
       (64, 280, 120, 'OK'),
       (67, 290, 130, 'LOW'),
       (72, 240, 110, 'OK'),
       (74, 270, 140, 'LOW'),
       (77, 300, 120, 'OK'),
       (79, 250, 100, 'OK'),
       (83, 260, 130, 'OK'),
       (85, 290, 150, 'OK'),
       (88, 210, 120, 'OK'),
       (90, 280, 130, 'OK'),
       (95, 240, 110, 'OK'),
       (98, 270, 120, 'OK'),
       (100, 300, 150, 'OK'),
       (102, 260, 140, 'LOW'),
       (106, 250, 120, 'LOW'),
       (108, 290, 130, 'OK'),
       (111, 230, 140, 'LOW'),
       (113, 270, 100, 'OK'),
       (115, 300, 120, 'OK'),
       (117, 250, 130, 'OK'),
       (119, 280, 140, 'LOW'),
       (121, 240, 150, 'LOW'),
       (122, 260, 110, 'OK'),
       (124, 270, 130, 'LOW'),
       (126, 290, 140, 'OK');


-- 입출고 기록
INSERT INTO stock_log (item_id, warehouse_id, emp_code, type, log_date, quantity, memo)
VALUES (1, 1, '23020007HRD', 'IN', DATE '2025-09-30', 20, '정기입고'),
       (6, 2, '23020008HRD', 'IN', DATE '2025-09-16', 23, '반품입고'),
       (10, 3, '23020007HRD', 'IN', DATE '2025-09-02', 26, '안전재고보충'),
       (12, 1, '23020008HRD', 'IN', DATE '2025-08-19', 29, '월초입고'),
       (14, 2, '23020007HRD', 'IN', DATE '2025-08-05', 32, '발주분입고'),
       (18, 3, '23020008HRD', 'IN', DATE '2025-07-22', 35, '긴급입고'),
       (20, 1, '23020007HRD', 'IN', DATE '2025-07-08', 38, '프로모션입고'),
       (21, 2, '23020008HRD', 'IN', DATE '2025-06-24', 41, '이동입고'),
       (22, 3, '23020007HRD', 'IN', DATE '2025-06-10', 44, '검수완료'),
       (24, 1, '23020008HRD', 'IN', DATE '2025-05-27', 47, '초기적치'),
       (26, 2, '23020007HRD', 'IN', DATE '2025-05-13', 50, '정기입고'),
       (28, 3, '23020008HRD', 'IN', DATE '2025-04-29', 53, '반품입고'),
       (30, 1, '23020007HRD', 'IN', DATE '2025-04-15', 56, '안전재고보충'),
       (32, 2, '23020008HRD', 'IN', DATE '2025-04-01', 59, '월초입고'),
       (35, 3, '23020007HRD', 'IN', DATE '2025-03-18', 62, '발주분입고'),
       (37, 1, '23020008HRD', 'IN', DATE '2025-03-04', 65, '긴급입고'),
       (40, 2, '23020007HRD', 'IN', DATE '2025-02-18', 68, '프로모션입고'),
       (42, 3, '23020008HRD', 'IN', DATE '2025-02-04', 71, '이동입고'),
       (44, 1, '23020007HRD', 'IN', DATE '2025-01-21', 74, '검수완료'),
       (48, 2, '23020008HRD', 'IN', DATE '2025-01-07', 77, '초기적치'),
       (50, 3, '23020007HRD', 'IN', DATE '2024-12-24', 80, '정기입고'),
       (52, 1, '23020008HRD', 'IN', DATE '2024-12-10', 83, '반품입고'),
       (54, 2, '23020007HRD', 'IN', DATE '2024-11-26', 86, '안전재고보충'),
       (56, 3, '23020008HRD', 'IN', DATE '2024-11-12', 89, '월초입고'),
       (58, 1, '23020007HRD', 'IN', DATE '2024-10-29', 92, '발주분입고'),
       (60, 2, '23020008HRD', 'IN', DATE '2024-10-15', 95, '긴급입고'),
       (62, 3, '23020007HRD', 'IN', DATE '2024-10-01', 98, '프로모션입고'),
       (64, 1, '23020008HRD', 'IN', DATE '2024-09-17', 101, '이동입고'),
       (67, 2, '23020007HRD', 'IN', DATE '2024-09-03', 104, '검수완료'),
       (90, 3, '23020008HRD', 'IN', DATE '2024-05-28', 125, '긴급입고'),
       (92, 1, '23020007HRD', 'IN', DATE '2024-05-14', 128, '프로모션입고'),
       (98, 3, '23020007HRD', 'IN', DATE '2024-04-16', 134, '검수완료'),
       (100, 1, '23020008HRD', 'IN', DATE '2024-04-02', 137, '초기적치'),
       (102, 2, '23020007HRD', 'IN', DATE '2024-03-19', 140, '정기입고'),
       (106, 3, '23020008HRD', 'IN', DATE '2024-03-05', 143, '반품입고'),
       (108, 1, '23020007HRD', 'IN', DATE '2024-02-20', 146, '안전재고보충'),
       (122, 1, '23020007HRD', 'IN', DATE '2023-11-28', 34, '검수완료'),

       (1, 2, '23020009HRD', 'OUT', DATE '2025-09-23', 5, '정기출고'),
       (6, 3, '23020010HRD', 'OUT', DATE '2025-09-19', 7, '부서요청'),
       (10, 1, '23030001PRD', 'OUT', DATE '2025-09-15', 9, '작업소진'),
       (12, 2, '22070002QAC', 'OUT', DATE '2025-09-11', 11, '샘플출고'),
       (14, 3, '21110003RND', 'OUT', DATE '2025-09-07', 13, '폐기출고'),
       (18, 1, '23010004SAL', 'OUT', DATE '2025-09-03', 15, '이동출고'),
       (20, 2, '20060005LOG', 'OUT', DATE '2025-08-30', 17, '프로모션소진'),
       (21, 3, '19090006FIN', 'OUT', DATE '2025-08-26', 19, '월말조정'),
       (22, 1, '22120017MKT', 'OUT', DATE '2025-08-22', 21, '반품출고'),
       (24, 2, '23040018CUS', 'OUT', DATE '2025-08-18', 23, '검수불합격'),
       (26, 3, '23020009HRD', 'OUT', DATE '2025-08-14', 25, '정기출고'),
       (28, 1, '23020010HRD', 'OUT', DATE '2025-08-10', 27, '부서요청'),
       (30, 2, '23030001PRD', 'OUT', DATE '2025-08-06', 29, '작업소진'),
       (32, 3, '22070002QAC', 'OUT', DATE '2025-08-02', 31, '샘플출고'),
       (35, 1, '21110003RND', 'OUT', DATE '2025-07-29', 33, '폐기출고'),
       (37, 2, '23010004SAL', 'OUT', DATE '2025-07-25', 35, '이동출고'),
       (40, 3, '20060005LOG', 'OUT', DATE '2025-07-21', 37, '프로모션소진'),
       (42, 1, '19090006FIN', 'OUT', DATE '2025-07-17', 39, '월말조정'),
       (44, 2, '22120017MKT', 'OUT', DATE '2025-07-13', 41, '반품출고'),
       (48, 3, '23040018CUS', 'OUT', DATE '2025-07-09', 43, '검수불합격'),
       (50, 1, '23020009HRD', 'OUT', DATE '2025-07-05', 45, '정기출고'),
       (52, 2, '23020010HRD', 'OUT', DATE '2025-07-01', 47, '부서요청'),
       (54, 3, '23030001PRD', 'OUT', DATE '2025-06-27', 49, '작업소진'),
       (56, 1, '22070002QAC', 'OUT', DATE '2025-06-23', 51, '샘플출고'),
       (58, 2, '21110003RND', 'OUT', DATE '2025-06-19', 53, '폐기출고'),
       (60, 3, '23010004SAL', 'OUT', DATE '2025-06-15', 55, '이동출고'),
       (62, 1, '20060005LOG', 'OUT', DATE '2025-06-11', 57, '프로모션소진'),
       (64, 2, '19090006FIN', 'OUT', DATE '2025-06-07', 59, '월말조정'),
       (67, 3, '22120017MKT', 'OUT', DATE '2025-06-03', 61, '반품출고'),
       (90, 1, '23010004SAL', 'OUT', DATE '2025-05-06', 75, '이동출고'),
       (92, 2, '20060005LOG', 'OUT', DATE '2025-05-02', 77, '프로모션소진'),
       (98, 1, '22120017MKT', 'OUT', DATE '2025-04-24', 81, '반품출고'),
       (100, 2, '23040018CUS', 'OUT', DATE '2025-04-20', 83, '검수불합격'),
       (102, 3, '23020009HRD', 'OUT', DATE '2025-04-16', 85, '정기출고'),
       (106, 1, '23020010HRD', 'OUT', DATE '2025-04-12', 87, '부서요청'),
       (108, 2, '23030001PRD', 'OUT', DATE '2025-04-08', 89, '작업소진'),

       (1, 1, '23020009HRD', 'OUT', DATE '2025-03-07', 105, ''),
       (6, 2, '23020010HRD', 'OUT', DATE '2025-03-03', 107, ''),
       (10, 3, '23030001PRD', 'OUT', DATE '2025-02-27', 109, ''),
       (12, 1, '22070002QAC', 'OUT', DATE '2025-02-23', 111, ''),
       (14, 2, '21110003RND', 'OUT', DATE '2025-02-19', 113, ''),
       (18, 3, '23010004SAL', 'OUT', DATE '2025-02-15', 115, ''),
       (20, 1, '20060005LOG', 'OUT', DATE '2025-02-11', 117, ''),
       (21, 2, '19090006FIN', 'OUT', DATE '2025-02-07', 119, ''),
       (22, 3, '22120017MKT', 'OUT', DATE '2025-02-03', 121, ''),
       (24, 1, '23040018CUS', 'OUT', DATE '2025-01-30', 123, ''),
       (26, 2, '23020009HRD', 'OUT', DATE '2025-01-26', 125, ''),
       (28, 3, '23020010HRD', 'OUT', DATE '2025-01-22', 127, ''),
       (30, 1, '23030001PRD', 'OUT', DATE '2025-01-18', 129, ''),
       (32, 2, '22070002QAC', 'OUT', DATE '2025-01-14', 131, ''),
       (35, 3, '21110003RND', 'OUT', DATE '2025-01-10', 133, ''),
       (37, 1, '23010004SAL', 'OUT', DATE '2025-01-06', 135, ''),
       (40, 2, '20060005LOG', 'OUT', DATE '2025-01-02', 137, ''),
       (42, 3, '19090006FIN', 'OUT', DATE '2024-12-29', 139, ''),
       (44, 1, '22120017MKT', 'OUT', DATE '2024-12-25', 141, ''),
       (48, 2, '23040018CUS', 'OUT', DATE '2024-12-21', 143, ''),
       (50, 3, '23020009HRD', 'OUT', DATE '2024-12-17', 145, ''),
       (52, 1, '23020010HRD', 'OUT', DATE '2024-12-13', 147, ''),
       (54, 2, '23030001PRD', 'OUT', DATE '2024-12-09', 149, ''),
       (56, 3, '22070002QAC', 'OUT', DATE '2024-12-05', 151, ''),
       (58, 1, '21110003RND', 'OUT', DATE '2024-12-01', 153, ''),
       (60, 2, '23010004SAL', 'OUT', DATE '2024-11-27', 155, ''),
       (62, 3, '20060005LOG', 'OUT', DATE '2024-11-23', 157, ''),
       (64, 1, '19090006FIN', 'OUT', DATE '2024-11-19', 159, ''),
       (67, 2, '22120017MKT', 'OUT', DATE '2024-11-15', 161, ''),
       (90, 3, '23010004SAL', 'OUT', DATE '2024-10-18', 15, ''),
       (92, 1, '20060005LOG', 'OUT', DATE '2024-10-14', 17, ''),
       (98, 3, '22120017MKT', 'OUT', DATE '2024-10-06', 21, ''),
       (100, 1, '23040018CUS', 'OUT', DATE '2024-10-02', 23, ''),
       (102, 2, '23020009HRD', 'OUT', DATE '2024-09-28', 25, ''),
       (106, 3, '23020010HRD', 'OUT', DATE '2024-09-24', 27, ''),
       (108, 1, '23030001PRD', 'OUT', DATE '2024-09-20', 29, ''),
       (122, 1, '22120017MKT', 'OUT', DATE '2024-08-27', 41, ''),

       (1, 3, '23020009HRD', 'OUT', DATE '2024-08-19', 45, ''),
       (6, 1, '23020010HRD', 'OUT', DATE '2024-08-15', 47, ''),
       (10, 2, '23030001PRD', 'OUT', DATE '2024-08-11', 49, ''),
       (12, 3, '22070002QAC', 'OUT', DATE '2024-08-07', 51, ''),
       (14, 1, '21110003RND', 'OUT', DATE '2024-08-03', 53, ''),
       (18, 2, '23010004SAL', 'OUT', DATE '2024-07-30', 55, ''),
       (20, 3, '20060005LOG', 'OUT', DATE '2024-07-26', 57, ''),
       (21, 1, '19090006FIN', 'OUT', DATE '2024-07-22', 59, ''),
       (22, 2, '22120017MKT', 'OUT', DATE '2024-07-18', 61, ''),
       (24, 3, '23040018CUS', 'OUT', DATE '2024-07-14', 63, ''),
       (26, 1, '23020009HRD', 'OUT', DATE '2024-07-10', 65, ''),
       (28, 2, '23020010HRD', 'OUT', DATE '2024-07-06', 67, ''),
       (30, 3, '23030001PRD', 'OUT', DATE '2024-07-02', 69, ''),
       (32, 1, '22070002QAC', 'OUT', DATE '2024-06-28', 71, ''),
       (35, 2, '21110003RND', 'OUT', DATE '2024-06-24', 73, ''),
       (37, 3, '23010004SAL', 'OUT', DATE '2024-06-20', 75, ''),
       (40, 1, '20060005LOG', 'OUT', DATE '2024-06-16', 77, ''),
       (42, 2, '19090006FIN', 'OUT', DATE '2024-06-12', 79, ''),
       (44, 3, '22120017MKT', 'OUT', DATE '2024-06-08', 81, ''),
       (48, 1, '23040018CUS', 'OUT', DATE '2024-06-04', 83, ''),
       (50, 2, '23020009HRD', 'OUT', DATE '2024-05-31', 85, ''),
       (52, 3, '23020010HRD', 'OUT', DATE '2024-05-27', 87, ''),
       (54, 1, '23030001PRD', 'OUT', DATE '2024-05-23', 89, ''),
       (56, 2, '22070002QAC', 'OUT', DATE '2024-05-19', 91, ''),
       (58, 3, '21110003RND', 'OUT', DATE '2024-05-15', 93, ''),
       (60, 1, '23010004SAL', 'OUT', DATE '2024-05-11', 95, ''),
       (62, 2, '20060005LOG', 'OUT', DATE '2024-05-07', 97, ''),
       (64, 3, '19090006FIN', 'OUT', DATE '2024-05-03', 99, ''),
       (67, 1, '22120017MKT', 'OUT', DATE '2024-04-29', 101, ''),
       (90, 2, '23010004SAL', 'OUT', DATE '2024-04-01', 115, ''),
       (92, 3, '20060005LOG', 'OUT', DATE '2024-03-28', 117, ''),
       (98, 2, '22120017MKT', 'OUT', DATE '2024-03-20', 121, ''),
       (100, 3, '23040018CUS', 'OUT', DATE '2024-03-16', 123, ''),
       (102, 1, '23020009HRD', 'OUT', DATE '2024-03-12', 125, ''),
       (106, 2, '23020010HRD', 'OUT', DATE '2024-03-08', 127, ''),
       (108, 3, '23030001PRD', 'OUT', DATE '2024-03-04', 129, ''),
       (122, 3, '22120017MKT', 'OUT', DATE '2024-02-09', 141, ''),
       (1, 2, '23020009HRD', 'OUT', DATE '2024-02-01', 145, ''),
       (6, 3, '23020010HRD', 'OUT', DATE '2024-01-28', 147, ''),
       (10, 1, '23030001PRD', 'OUT', DATE '2024-01-24', 149, ''),
       (12, 2, '22070002QAC', 'OUT', DATE '2024-01-20', 151, ''),
       (14, 3, '21110003RND', 'OUT', DATE '2024-01-16', 153, ''),
       (18, 1, '23010004SAL', 'OUT', DATE '2024-01-12', 155, ''),
       (20, 2, '20060005LOG', 'OUT', DATE '2024-01-08', 157, ''),
       (21, 3, '19090006FIN', 'OUT', DATE '2024-01-04', 159, ''),
       (22, 1, '22120017MKT', 'OUT', DATE '2023-12-31', 161, ''),
       (24, 2, '23040018CUS', 'OUT', DATE '2023-12-27', 163, ''),
       (26, 3, '23020009HRD', 'OUT', DATE '2023-12-23', 165, ''),
       (28, 1, '23020010HRD', 'OUT', DATE '2023-12-19', 7, ''),
       (30, 2, '23030001PRD', 'OUT', DATE '2023-12-15', 9, ''),
       (32, 3, '22070002QAC', 'OUT', DATE '2023-12-11', 11, ''),
       (35, 1, '21110003RND', 'OUT', DATE '2023-12-07', 13, ''),
       (37, 2, '23010004SAL', 'OUT', DATE '2023-12-03', 15, ''),
       (40, 3, '20060005LOG', 'OUT', DATE '2023-11-29', 17, ''),
       (42, 1, '19090006FIN', 'OUT', DATE '2023-11-25', 19, ''),
       (44, 2, '22120017MKT', 'OUT', DATE '2023-11-21', 21, ''),
       (48, 3, '23040018CUS', 'OUT', DATE '2023-11-17', 23, ''),
       (50, 1, '23020009HRD', 'OUT', DATE '2023-11-13', 25, ''),
       (52, 2, '23020010HRD', 'OUT', DATE '2023-11-09', 27, ''),
       (54, 3, '23030001PRD', 'OUT', DATE '2023-11-05', 29, ''),
       (56, 1, '22070002QAC', 'OUT', DATE '2023-11-01', 31, ''),
       (58, 2, '21110003RND', 'OUT', DATE '2023-10-28', 33, ''),
       (60, 3, '23010004SAL', 'OUT', DATE '2023-10-24', 35, ''),
       (62, 1, '20060005LOG', 'OUT', DATE '2023-10-20', 37, ''),
       (64, 2, '19090006FIN', 'OUT', DATE '2023-10-16', 39, ''),
       (67, 3, '22120017MKT', 'OUT', DATE '2023-10-12', 41, '');
