CREATE DATABASE  IF NOT EXISTS `java502_team1_final_db` /*!40100 DEFAULT CHARACTER SET utf8mb4 COLLATE utf8mb4_0900_ai_ci */ /*!80016 DEFAULT ENCRYPTION='N' */;
USE `java502_team1_final_db`;
-- MySQL dump 10.13  Distrib 8.0.42, for Win64 (x86_64)
--
-- Host: 58.239.58.243    Database: java502_team1_final_db
-- ------------------------------------------------------
-- Server version	8.0.27

/*!40101 SET @OLD_CHARACTER_SET_CLIENT=@@CHARACTER_SET_CLIENT */;
/*!40101 SET @OLD_CHARACTER_SET_RESULTS=@@CHARACTER_SET_RESULTS */;
/*!40101 SET @OLD_COLLATION_CONNECTION=@@COLLATION_CONNECTION */;
/*!50503 SET NAMES utf8 */;
/*!40103 SET @OLD_TIME_ZONE=@@TIME_ZONE */;
/*!40103 SET TIME_ZONE='+00:00' */;
/*!40014 SET @OLD_UNIQUE_CHECKS=@@UNIQUE_CHECKS, UNIQUE_CHECKS=0 */;
/*!40014 SET @OLD_FOREIGN_KEY_CHECKS=@@FOREIGN_KEY_CHECKS, FOREIGN_KEY_CHECKS=0 */;
/*!40101 SET @OLD_SQL_MODE=@@SQL_MODE, SQL_MODE='NO_AUTO_VALUE_ON_ZERO' */;
/*!40111 SET @OLD_SQL_NOTES=@@SQL_NOTES, SQL_NOTES=0 */;

--
-- Table structure for table `approval`
--

DROP TABLE IF EXISTS `approval`;
/*!40101 SET @saved_cs_client     = @@character_set_client */;
/*!50503 SET character_set_client = utf8mb4 */;
CREATE TABLE `approval` (
  `id` bigint NOT NULL AUTO_INCREMENT,
  `approved_at` datetime(6) DEFAULT NULL,
  `reject_reason` varchar(500) DEFAULT NULL,
  `approver_id` bigint DEFAULT NULL,
  `building_id` bigint NOT NULL,
  `survey_result_id` bigint DEFAULT NULL,
  `surveyor_id` bigint NOT NULL,
  PRIMARY KEY (`id`),
  UNIQUE KEY `uk_approval_building_surveyor` (`building_id`,`surveyor_id`),
  KEY `idx_approval_approved_at` (`approved_at`),
  KEY `fk_approval_approver_user` (`approver_id`),
  KEY `fk_approval_survey_result` (`survey_result_id`),
  KEY `fk_approval_surveyor_user` (`surveyor_id`),
  CONSTRAINT `fk_approval_approver_user` FOREIGN KEY (`approver_id`) REFERENCES `user_account` (`user_id`),
  CONSTRAINT `fk_approval_building` FOREIGN KEY (`building_id`) REFERENCES `building` (`id`),
  CONSTRAINT `fk_approval_survey_result` FOREIGN KEY (`survey_result_id`) REFERENCES `survey_result` (`id`),
  CONSTRAINT `fk_approval_surveyor_user` FOREIGN KEY (`surveyor_id`) REFERENCES `user_account` (`user_id`)
) ENGINE=InnoDB AUTO_INCREMENT=280 DEFAULT CHARSET=utf8mb4 COLLATE=utf8mb4_0900_ai_ci;
/*!40101 SET character_set_client = @saved_cs_client */;

--
-- Dumping data for table `approval`
--

LOCK TABLES `approval` WRITE;
/*!40000 ALTER TABLE `approval` DISABLE KEYS */;
INSERT INTO `approval` VALUES (10,NULL,NULL,2,420,NULL,1),(11,'2025-10-01 03:42:31.509346',NULL,2,419,NULL,1),(12,NULL,NULL,2,418,NULL,1),(13,NULL,NULL,2,416,NULL,1),(14,NULL,'외벽상태 확인바랍니다.',2,417,NULL,1),(15,NULL,NULL,2,415,NULL,1),(16,NULL,'다시 조사하세요',2,414,NULL,1),(17,'2025-10-02 05:16:00.497024',NULL,2,413,NULL,1),(18,NULL,NULL,2,412,NULL,1),(19,NULL,'주차가능여부 다시 확인부탁드립니다.',2,411,NULL,1),(20,NULL,NULL,2,410,NULL,5),(21,NULL,NULL,2,406,NULL,5),(22,NULL,NULL,2,404,NULL,5),(23,NULL,NULL,2,400,NULL,5),(24,NULL,NULL,2,396,NULL,5),(25,NULL,NULL,2,392,NULL,5),(26,NULL,NULL,2,387,NULL,5),(27,NULL,NULL,2,380,NULL,5),(28,NULL,NULL,2,370,NULL,5),(29,NULL,NULL,2,369,NULL,5),(30,NULL,NULL,2,350,NULL,5),(31,NULL,'조사불가 지역인지 확인부탁드립니다.',2,349,NULL,5),(32,NULL,NULL,2,330,NULL,5),(33,NULL,NULL,2,316,NULL,1),(34,NULL,NULL,2,311,NULL,1),(35,NULL,NULL,2,310,NULL,1),(36,NULL,NULL,2,302,NULL,4),(37,NULL,NULL,2,301,NULL,4),(38,NULL,NULL,2,300,NULL,4),(39,NULL,NULL,2,299,NULL,4),(40,NULL,NULL,2,298,NULL,4),(41,NULL,NULL,2,297,NULL,4),(42,NULL,NULL,2,284,NULL,1),(43,NULL,NULL,2,282,NULL,4),(44,NULL,NULL,2,281,NULL,4),(45,NULL,NULL,2,280,NULL,4),(46,NULL,NULL,2,279,NULL,4),(47,NULL,NULL,2,277,NULL,1),(48,NULL,'반려합니다',2,267,NULL,1),(49,NULL,NULL,2,265,NULL,1),(50,NULL,NULL,2,263,NULL,4),(51,NULL,NULL,2,261,NULL,4),(52,NULL,NULL,2,248,NULL,1),(53,NULL,NULL,2,243,NULL,4),(54,NULL,NULL,2,242,NULL,4),(55,NULL,NULL,2,240,NULL,4),(56,NULL,NULL,2,239,NULL,4),(57,NULL,NULL,2,234,NULL,1),(58,NULL,NULL,2,233,NULL,1),(59,NULL,NULL,2,232,NULL,1),(60,NULL,NULL,2,229,NULL,4),(61,NULL,NULL,2,228,NULL,4),(62,NULL,NULL,2,227,NULL,4),(63,NULL,NULL,2,221,NULL,1),(64,NULL,NULL,2,220,NULL,1),(65,NULL,NULL,2,215,NULL,4),(66,NULL,NULL,2,210,NULL,1),(67,NULL,NULL,2,209,NULL,1),(68,NULL,NULL,2,201,NULL,1),(69,NULL,NULL,2,200,NULL,1),(70,NULL,NULL,2,198,NULL,4),(71,NULL,NULL,2,197,NULL,4),(72,NULL,NULL,2,194,NULL,1),(73,NULL,NULL,2,191,NULL,1),(74,NULL,NULL,2,190,NULL,1),(75,NULL,NULL,2,186,NULL,4),(76,NULL,NULL,2,172,NULL,4),(77,NULL,NULL,2,170,NULL,4),(78,NULL,NULL,2,164,NULL,4),(79,NULL,NULL,2,162,NULL,1),(80,NULL,NULL,2,161,NULL,1),(81,NULL,NULL,2,148,NULL,1),(82,NULL,NULL,2,143,NULL,4),(83,NULL,NULL,2,142,NULL,4),(84,NULL,NULL,2,138,NULL,1),(85,'2025-10-01 05:38:55.452390',NULL,2,137,NULL,1),(86,'2025-10-01 03:38:50.317205',NULL,2,133,NULL,4),(87,'2025-10-01 03:42:02.357658',NULL,2,131,NULL,4),(88,'2025-10-01 03:39:54.334239',NULL,2,129,NULL,4),(89,'2025-10-01 03:42:09.382988',NULL,2,118,NULL,1),(90,NULL,NULL,2,117,NULL,1),(91,'2025-10-01 03:39:36.285912',NULL,2,116,NULL,1),(92,'2025-10-01 03:39:50.293722',NULL,2,110,NULL,4),(93,NULL,NULL,2,109,NULL,1),(94,NULL,'내부사진을 다시 촬영해주세요.',2,108,NULL,4),(95,'2025-10-01 03:40:01.841821',NULL,2,106,NULL,4),(96,'2025-10-01 03:39:26.875443',NULL,2,102,NULL,1),(97,NULL,NULL,2,101,NULL,1),(98,NULL,'ㅌㅇㄹㅇㄹ',2,100,NULL,1),(99,'2025-10-01 03:38:06.744112',NULL,2,99,NULL,1),(100,'2025-10-01 03:41:58.275287',NULL,2,88,NULL,4),(101,NULL,NULL,2,84,NULL,1),(102,'2025-10-01 03:38:17.313188',NULL,2,79,NULL,1),(103,'2025-10-01 05:39:00.007318',NULL,2,71,NULL,4),(104,NULL,NULL,2,68,NULL,1),(105,'2025-10-01 03:37:45.990977',NULL,2,67,NULL,1),(106,'2025-10-01 03:37:37.899883',NULL,2,66,NULL,1),(107,'2025-10-01 03:42:26.874199',NULL,2,58,NULL,4),(108,NULL,'외부사진을 다시 촬영해주세요.',2,57,NULL,4),(109,NULL,NULL,2,52,NULL,1),(110,'2025-10-01 03:38:22.778298',NULL,2,42,NULL,4),(111,NULL,NULL,2,38,NULL,1),(112,NULL,NULL,2,28,NULL,1),(113,NULL,'반려.',2,24,NULL,4),(114,'2025-10-01 03:38:12.668651',NULL,2,23,NULL,4),(115,NULL,NULL,2,21,NULL,1),(116,'2025-10-01 03:42:35.208254',NULL,2,12,NULL,1),(117,'2025-10-01 03:38:03.642977',NULL,2,5,NULL,4),(118,'2025-10-01 03:42:21.915341',NULL,2,4,NULL,4),(119,NULL,NULL,2,386,NULL,5),(120,NULL,NULL,2,384,NULL,5),(121,NULL,NULL,2,358,NULL,5),(122,'2025-10-01 02:20:24.189970',NULL,2,151,8,1),(123,NULL,'반려입니다..',2,40,21,4),(124,NULL,'다시 조사하세요.',2,219,3,1),(125,'2025-10-01 03:37:51.941657',NULL,2,77,10,1),(126,'2025-10-01 03:37:56.524743',NULL,2,189,12,1),(127,'2025-10-01 03:37:59.625882',NULL,2,78,13,1),(128,'2025-10-01 03:38:44.927997',NULL,2,130,34,4),(129,'2025-10-01 03:39:58.495258',NULL,2,120,33,4),(130,'2025-10-01 03:42:06.235476',NULL,2,3,41,1),(131,'2025-10-01 03:42:16.458485',NULL,2,2,9,4),(132,'2025-10-01 03:42:38.683463',NULL,2,119,32,4),(133,NULL,'안전등급 재확인 부탁드립니다.',2,72,26,4),(134,NULL,'유휴비율 재확인 부탁드립니다.',2,1,39,1),(201,NULL,NULL,2,409,NULL,1),(202,NULL,NULL,2,391,NULL,1),(203,'2025-10-01 11:14:58.264918',NULL,2,382,NULL,1),(204,'2025-10-01 05:38:50.208040',NULL,2,402,NULL,1),(205,NULL,NULL,2,375,NULL,1),(206,NULL,NULL,2,367,NULL,1),(207,NULL,NULL,2,364,NULL,1),(208,NULL,'다시 조사부탁드립니다.',2,329,NULL,5),(209,NULL,NULL,2,323,NULL,1),(210,'2025-10-01 05:39:03.603462',NULL,2,121,23,1),(235,'2025-10-01 11:14:46.641659',NULL,2,408,NULL,1),(242,'2025-10-01 11:13:32.894116',NULL,2,379,NULL,1),(245,NULL,'내부사진을 다시 첨부하세요.',2,6,NULL,1),(246,NULL,NULL,2,14,NULL,1),(247,NULL,NULL,2,18,NULL,1),(248,NULL,NULL,2,26,NULL,1),(249,NULL,NULL,2,39,NULL,1),(250,'2025-10-09 03:29:15.867108',NULL,2,43,NULL,1),(251,NULL,NULL,2,41,NULL,1),(252,NULL,NULL,2,61,NULL,1),(253,NULL,NULL,2,356,NULL,1),(254,NULL,NULL,2,347,NULL,1),(255,NULL,NULL,2,346,NULL,1),(256,NULL,NULL,2,312,NULL,1),(257,NULL,NULL,2,307,NULL,1),(261,'2025-10-01 06:39:03.395251',NULL,2,368,72,1),(262,'2025-10-01 06:40:07.755480',NULL,2,328,67,5),(263,'2025-10-01 06:41:01.512066',NULL,2,305,55,4),(264,NULL,NULL,2,81,NULL,1),(265,NULL,NULL,6,348,NULL,1),(266,NULL,NULL,6,304,NULL,4),(267,NULL,NULL,6,296,NULL,1),(268,NULL,NULL,6,270,NULL,1),(269,NULL,NULL,6,245,NULL,1),(270,NULL,NULL,6,241,NULL,4),(271,NULL,NULL,6,231,NULL,1),(272,NULL,NULL,6,222,NULL,1),(273,NULL,NULL,2,259,NULL,4),(274,NULL,NULL,2,249,NULL,1),(275,NULL,NULL,2,216,NULL,4),(276,'2025-10-09 03:29:08.106859',NULL,2,207,82,1),(277,NULL,NULL,2,303,NULL,4),(278,NULL,NULL,2,271,NULL,1),(279,'2025-10-09 04:24:31.388037',NULL,2,69,85,1);
/*!40000 ALTER TABLE `approval` ENABLE KEYS */;
UNLOCK TABLES;

--
-- Table structure for table `building`
--

DROP TABLE IF EXISTS `building`;
/*!40101 SET @saved_cs_client     = @@character_set_client */;
/*!50503 SET character_set_client = utf8mb4 */;
CREATE TABLE `building` (
  `id` bigint NOT NULL AUTO_INCREMENT,
  `annex_area` double DEFAULT NULL,
  `annex_count` int DEFAULT NULL,
  `basement_floors` int DEFAULT NULL,
  `building_area` double DEFAULT NULL,
  `building_coverage` double DEFAULT NULL,
  `building_name` varchar(255) DEFAULT NULL,
  `emergency_elevators` int DEFAULT NULL,
  `etc_roof` varchar(255) DEFAULT NULL,
  `etc_structure` varchar(255) DEFAULT NULL,
  `etc_use` varchar(255) DEFAULT NULL,
  `extra_lot_count` int DEFAULT NULL,
  `floor_area_for_ratio` double DEFAULT NULL,
  `floor_area_ratio` double DEFAULT NULL,
  `ground_floors` int DEFAULT NULL,
  `height` double DEFAULT NULL,
  `land_area` double DEFAULT NULL,
  `latitude` double DEFAULT NULL,
  `ledger_division_name` varchar(255) DEFAULT NULL,
  `ledger_type_name` varchar(255) DEFAULT NULL,
  `longitude` double DEFAULT NULL,
  `lot_address` varchar(255) DEFAULT NULL,
  `lot_main_no` varchar(255) DEFAULT NULL,
  `lot_sub_no` varchar(255) DEFAULT NULL,
  `main_sub_code` varchar(255) DEFAULT NULL,
  `main_sub_name` varchar(255) DEFAULT NULL,
  `main_use_code` varchar(255) DEFAULT NULL,
  `main_use_name` varchar(255) DEFAULT NULL,
  `new_legal_dong_code` varchar(255) DEFAULT NULL,
  `new_main_no` varchar(255) DEFAULT NULL,
  `new_road_code` varchar(255) DEFAULT NULL,
  `new_sub_no` varchar(255) DEFAULT NULL,
  `passenger_elevators` int DEFAULT NULL,
  `road_address` varchar(255) DEFAULT NULL,
  `roof_code` varchar(255) DEFAULT NULL,
  `roof_name` varchar(255) DEFAULT NULL,
  `structure_code` varchar(255) DEFAULT NULL,
  `structure_name` varchar(255) DEFAULT NULL,
  `total_building_area` double DEFAULT NULL,
  `total_floor_area` double DEFAULT NULL,
  `status` int NOT NULL,
  `assigned_user_id` bigint DEFAULT NULL,
  PRIMARY KEY (`id`),
  KEY `idx_building_assigned_user` (`assigned_user_id`),
  CONSTRAINT `fk_building_assigned_user` FOREIGN KEY (`assigned_user_id`) REFERENCES `user_account` (`user_id`)
) ENGINE=InnoDB AUTO_INCREMENT=431 DEFAULT CHARSET=utf8mb4 COLLATE=utf8mb4_0900_ai_ci;
/*!40101 SET character_set_client = @saved_cs_client */;

--
-- Dumping data for table `building`
--

LOCK TABLES `building` WRITE;
/*!40000 ALTER TABLE `building` DISABLE KEYS */;
INSERT INTO `building` VALUES (1,0,NULL,2,50,0,'인수타워',NULL,'기와','조적조','근린생활시설, 단독주택',0,50,0,1,0,0,35.22084813,'일반','일반건축물',128.8830089,'경상남도 김해시 강동 94-31','94','31','0','주건축물','3000','제1종근린생활시설','','','','',NULL,'','20','기와','11','벽돌구조',50,50,1,1),(2,228.38,3,NULL,284.82,0,'',NULL,'시멘트기와, 스레이트','블럭조','단독주택',0,284.82,0,1,0,0,35.21045324,'일반','일반건축물',128.8807764,'경상남도 김해시 강동 174-174','174','0','0','주건축물','1000','단독주택','','','','',NULL,'','30','슬레이트','12','블록구조',284.82,284.82,1,4),(3,NULL,0,NULL,45.81,0,'',0,'시멘트기와','블럭조','단독주택',0,45.81,0,1,0,0,35.21091364,'일반','일반건축물',128.8806826,'경상남도 김해시 강동 177-2','177','0','0','주건축물','1000','단독주택','','','','',0,'','20','기와','12','블록구조',45.81,45.81,1,1),(4,0,NULL,NULL,38.4,15.5,'',NULL,'스레이트','흙벽돌조','단독주택',0,38.4,15.5,1,0,248,35.21091364,'일반','일반건축물',128.8806826,'경상남도 김해시 강동 177-1','177','1','0','주건축물','1000','단독주택','','','','',NULL,'','30','슬레이트','11','벽돌구조',38.4,38.4,1,4),(5,43.64,2,NULL,82.27,57.94,'',NULL,'스레이트','조적조','단독주택',0,82.27,57.94,1,0,142,35.21128422,'일반','일반건축물',128.8805438,'경상남도 김해시 강동 179-179','179','0','0','주건축물','1000','단독주택','','','','',NULL,'','30','슬레이트','11','벽돌구조',82.27,82.27,1,4),(6,16.38,1,0,156.38,0,'',0,'시멘트기와/스레이트','블럭조/흙벽돌조','단독주택',0,156.38,0,1,0,0,35.21137428,'일반','일반건축물',128.8805558,'경상남도 김해시 강동 181-181','181','0','0','주건축물','1000','단독주택','','','','',0,'','20','기와','12','블록구조',156.38,156.38,1,1),(7,0,NULL,NULL,26.64,22.4,'',NULL,'스레이트','목조','단독주택',0,26.64,22.4,1,0,119,35.21502444,'일반','일반건축물',128.879387,'경상남도 김해시 강동 194-1','194','1','0','주건축물','1000','단독주택','11601','99','482505000000','',NULL,'경상남도 김해시 강동마을길 99','30','슬레이트','51','일반목구조',26.64,26.64,1,1),(8,15.44,2,NULL,47.42,0,'',NULL,'스레이트','목조, 블럭조','단독주택',0,47.42,0,1,0,0,35.21530521,'일반','일반건축물',128.8792033,'경상남도 김해시 강동 195-1','195','1','0','주건축물','1000','단독주택','11601','95','482505000000','',NULL,'경상남도 김해시 강동마을길 95','30','슬레이트','51','일반목구조',47.42,47.42,1,1),(10,4,1,0,34,34.34,'',0,'스레이트','목조, 조적조','단독주택',0,34,34.34,1,4.2,99,35.21911272,'일반','일반건축물',128.8799475,'경상남도 김해시 강동 232-232','232','0','0','주건축물','1000','단독주택','11601','69','482505000000','0',0,'경상남도 김해시 강동터실길 69','30','슬레이트','51','일반목구조',34,34,1,1),(11,23.22,1,NULL,74.5,0,'',NULL,'스레이트','목조','주택',0,74.5,0,1,0,0,35.17830812,'일반','일반건축물',128.8233611,'경상남도 김해시 관동동 32-32','32','0','0','주건축물','1000','단독주택','','','','',NULL,'','30','슬레이트','51','일반목구조',74.5,74.5,1,1),(12,NULL,NULL,0,25.72,0,'',0,'슬라브','벽돌조','변소',0,25.72,0,1,0,0,35.1799019,'일반','일반건축물',128.8209618,'경상남도 김해시 관동동 80-80','80','0','0','주건축물','3000','제1종근린생활시설','','','','',0,'','10','(철근)콘크리트','11','벽돌구조',25.72,25.72,1,1),(13,NULL,NULL,0,67.47,18.79,'',NULL,'경량철골','일반철골구조','제2종근린생활시설',0,131.57,36.65,2,10.76,359,35.18026237,'일반','일반건축물',128.8209764,'경상남도 김해시 관동동 109-1','109','1','0','주건축물','4000','제2종근린생활시설','13002','176','482503000000','0',NULL,'경상남도 김해시 관동로 176','90','기타지붕','31','일반철골구조',131.57,131.57,0,NULL),(14,NULL,NULL,0,30,19.48,'',NULL,'샌드위치판넬','일반철골구조','단독주택',1,60,38.96,2,8.45,154,35.17958643,'일반','일반건축물',128.8196302,'경상남도 김해시 관동동 113-5','113','5','0','주건축물','1000','단독주택','13002','135','482505000000','0',NULL,'경상남도 김해시 관동로27번길 135','90','기타지붕','31','일반철골구조',60,60,1,1),(15,NULL,NULL,0,175.32,19.86,'',NULL,'(철근)콘크리트','철근콘크리트구조','제2종근린생활시설',0,323.07,36.59,3,11.7,883,35.17964985,'일반','일반건축물',128.816919,'경상남도 김해시 관동동 135-7','135','7','0','주건축물','4000','제2종근린생활시설','13001','22','482503000000','',NULL,'경상남도 김해시 반룡산로 22','10','(철근)콘크리트','21','철근콘크리트구조',323.07,323.07,0,NULL),(16,121.92,3,0,191.34,19.93,'',0,'슬라브','블럭조','주택',0,191.34,19.93,1,4.4,960,35.17882517,'일반','일반건축물',128.8175695,'경상남도 김해시 관동동 135-14','135','14','0','주건축물','1000','단독주택','13002','115','482505000000','0',0,'경상남도 김해시 관동로27번길 115','10','(철근)콘크리트','12','블록구조',191.34,191.34,1,1),(18,NULL,NULL,NULL,109.68,31.43,'',NULL,'스레이트','블럭조','주택',0,109.68,31.43,1,0,349,35.17869898,'일반','일반건축물',128.8175682,'경상남도 김해시 관동동 135-28','135','28','0','주건축물','1000','단독주택','13002','113','482505000000','0',NULL,'경상남도 김해시 관동로27번길 113','30','슬레이트','12','블록구조',109.68,109.68,1,1),(19,191.13,1,NULL,240.38,0,'',NULL,'스레이트','블럭조','주택',0,240.38,0,1,0,0,35.17924175,'일반','일반건축물',128.8186166,'경상남도 김해시 관동동 137-1','137','1','0','주건축물','1000','단독주택','13002','131','482505000000','',NULL,'경상남도 김해시 관동로27번길 131','30','슬레이트','12','블록구조',240.38,240.38,1,1),(20,NULL,NULL,0,128.8,19.49,'',NULL,'콘크리트경사스라브','철근콘크리트구조','단독주택(다가구주택)/제2종근린생활시설',0,493.2,74.61,4,17.2,661,35.17963418,'일반','일반건축물',128.8192354,'경상남도 김해시 관동동 137-14','137','14','0','주건축물','1000','단독주택','13002','133','482505000000','0',NULL,'경상남도 김해시 관동로27번길 133','10','(철근)콘크리트','21','철근콘크리트구조',493.2,493.2,0,NULL),(21,NULL,NULL,0,60.54,54.54,'',NULL,'기타지붕','경량철골구조','제2종근린생활시설',0,60.54,54.54,1,5.1,111,35.24385645,'일반','일반건축물',128.8811381,'경상남도 김해시 구산동 34-4','34','4','0','주건축물','4000','제2종근린생활시설','10603','404','482503000000','0',NULL,'경상남도 김해시 가야로 404','90','기타지붕','32','경량철골구조',60.54,60.54,0,NULL),(22,0,0,0,71,0,'',0,'스레이트','블럭조','단독주택',0,71,0,1,0,0,35.24318726,'일반','일반건축물',128.8801969,'경상남도 김해시 구산동 46-2','46','2','0','주건축물','1000','단독주택','10602','27','482505000000','5',0,'경상남도 김해시 가락로176번길 27-5','30','슬레이트','12','블록구조',71,71,0,NULL),(23,0,0,0,54.85,0,'',0,'스레이트','목조','단독주택',0,54.85,0,1,0,0,35.24348782,'일반','일반건축물',128.8797716,'경상남도 김해시 구산동 48-48','48','0','0','주건축물','1000','단독주택','','','','',0,'','30','슬레이트','51','일반목구조',54.85,54.85,1,4),(24,0,0,0,101.32,0,'',0,'기와','목조','단독주택',0,101.32,0,1,0,0,35.24296131,'일반','일반건축물',128.8790408,'경상남도 김해시 구산동 49-2','49','2','0','주건축물','1000','단독주택','10601','16','482505000000','5',0,'경상남도 김해시 가락로190번길 16-5','20','기와','51','일반목구조',101.32,101.32,1,4),(25,0,0,0,74.43,20.34,'',0,'슬라브','조적조','단독주택',1,131.41,35.9,2,0,366,35.24285179,'일반','일반건축물',128.8792264,'경상남도 김해시 구산동 49-12','49','12','0','주건축물','1000','단독주택','10601','16','482505000000','7',0,'경상남도 김해시 가락로190번길 16-7','10','(철근)콘크리트','11','벽돌구조',131.41,131.41,1,1),(26,0,0,0,64.36,0,'',0,'슬라브','블럭조','단독주택',0,120.18,0,2,0,0,35.24279691,'일반','일반건축물',128.8793356,'경상남도 김해시 구산동 49-13','49','13','0','주건축물','1000','단독주택','10601','16','482505000000','9',0,'경상남도 김해시 가락로190번길 16-9','10','(철근)콘크리트','12','블록구조',120.18,120.18,1,1),(27,0,0,0,59.1,0,'',0,'슬라브','블럭조','단독주택',0,115.56,0,2,0,0,35.24286838,'일반','일반건축물',128.8794243,'경상남도 김해시 구산동 49-14','49','14','0','주건축물','1000','단독주택','10601','16','482505000000','11',0,'경상남도 김해시 가락로190번길 16-11','10','(철근)콘크리트','12','블록구조',115.56,115.56,0,NULL),(28,0,0,0,69.76,56.7,'',0,'슬라브','조적조','다세대주택',0,131.32,106.76,2,0,123,35.24280489,'일반','일반건축물',128.8794786,'경상남도 김해시 구산동 49-15','49','15','0','주건축물','1000','단독주택','10601','16','482505000000','13',0,'경상남도 김해시 가락로190번길 16-13','10','(철근)콘크리트','12','블록구조',131.32,131.32,1,1),(29,0,0,0,68.72,58.24,'',0,'슬라브','블럭조','단독주택',0,122.2,103.56,2,0,118,35.24275025,'일반','일반건축물',128.8795549,'경상남도 김해시 구산동 49-16','49','16','0','주건축물','1000','단독주택','10601','16','482505000000','15',0,'경상남도 김해시 가락로190번길 16-15','10','(철근)콘크리트','12','블록구조',122.2,122.2,0,NULL),(30,NULL,NULL,0,75.76,59.19,'',NULL,'기타지붕','경량철골구조','제1종근린생활시설',0,75.76,59.19,1,5.2,128,35.24319598,'일반','일반건축물',128.8789993,'경상남도 김해시 구산동 50-50','50','0','0','주건축물','3000','제1종근린생활시설','10601','16','482505000000','1',NULL,'경상남도 김해시 가락로190번길 16-1','90','기타지붕','32','경량철골구조',75.76,75.76,0,NULL),(31,NULL,NULL,0,125.63,0,'',0,'기와','목조/블럭조','단독주택',0,125.63,0,1,0,0,35.21071508,'일반','일반건축물',128.8258085,'경상남도 김해시 내덕동 17-17','17','0','0','주건축물','1000','단독주택','12404','65','482505000000','43',0,'경상남도 김해시 금관대로775번길 65-43','20','기와','51','일반목구조',125.63,125.63,0,NULL),(32,NULL,NULL,NULL,702.7,12.408617,'장유역사',NULL,'(철근)콘크리트','철근콘크리트구조','철도시설',16,690.97,12.201483,1,6.424,5663,35.21003355,'일반','일반건축물',128.8213204,'경상남도 김해시 내덕동 24-1','24','1','0','주건축물','8000','운수시설','12401','80','482503000000','',NULL,'경상남도 김해시 외덕로 80','10','(철근)콘크리트','21','철근콘크리트구조',NULL,690.97,0,NULL),(33,NULL,0,0,450,31.19,'이코리아산업',NULL,'기타지붕(샌드위치판넬)','일반철골구조','제2종근린생활시설',3,375,25.99,1,13,1443,35.20758395,'일반','일반건축물',128.8289178,'경상남도 김해시 내덕동 36-36','36','0','0','주건축물','4000','제2종근린생활시설','12403','19','482505000000','',NULL,'경상남도 김해시 금관대로731번길 19','90','기타지붕','31','일반철골구조',375,375,0,NULL),(34,NULL,NULL,0,197.58,39.83,'',0,'슬라브','조적조','농가용주택/창고',0,192.38,38.79,1,3,496,35.20815861,'일반','일반건축물',128.8186656,'경상남도 김해시 내덕동 38-8','38','8','0','주건축물','1000','단독주택','12401','41','482505000000','',0,'경상남도 김해시 외덕마을길 41','10','(철근)콘크리트','19','기타조적구조',192.38,192.38,1,1),(35,NULL,NULL,0,184.92,59.46,'',NULL,'(철근)콘크리트','철근콘크리트구조','단독주택(10가구)',0,515.89,165.88,4,14.9,311,35.20729689,'일반','일반건축물',128.8207876,'경상남도 김해시 내덕동 38-19','38','19','0','주건축물','1000','단독주택','12401','14','482505000000','',NULL,'경상남도 김해시 외덕마을길 14','10','(철근)콘크리트','21','철근콘크리트구조',515.89,515.89,0,NULL),(36,1.2,1,0,207.09,41.5,'',0,'슬라브','조적구조','단독주택',0,201.09,40.3,1,4.5,499,35.20796053,'일반','일반건축물',128.8186307,'경상남도 김해시 내덕동 38-22','38','22','0','주건축물','1000','단독주택','12401','45','482505000000','',0,'경상남도 김해시 외덕마을길 45','10','(철근)콘크리트','11','벽돌구조',201.09,201.09,0,NULL),(38,66,1,0,167.01,33.46,'',0,'슬라브','벽돌조/블럭조','단독주택',0,167.01,33.47,1,4.5,499,35.20779017,'일반','일반건축물',128.8184972,'경상남도 김해시 내덕동 38-23','38','23','0','주건축물','1000','단독주택','12401','47','482505000000','',0,'경상남도 김해시 외덕마을길 47','10','(철근)콘크리트','11','벽돌구조',175.01,175.01,1,1),(39,0,0,0,125.7,25.34,'',0,'슬라브','철근콘크리트조/조적조','농가창고/농가주택',0,196.75,39.66,2,0,496,35.20758234,'일반','일반건축물',128.818572,'경상남도 김해시 내덕동 38-24','38','24','0','주건축물','3000','제1종근린생활시설','12401','51','482505000000','',0,'경상남도 김해시 외덕마을길 51','10','(철근)콘크리트','21','철근콘크리트구조',196.75,196.75,0,NULL),(40,140,1,0,239,48.18,'',0,'샌드위치판넬','경량철골조(판넬)','단독주택',0,239,48.18,1,5.3,496,35.20753646,'일반','일반건축물',128.8186923,'경상남도 김해시 내덕동 38-25','38','25','0','주건축물','1000','단독주택','12401','53','482505000000','',0,'경상남도 김해시 외덕마을길 53','90','기타지붕','32','경량철골구조',239,239,1,4),(41,0,0,0,2226.78,0,'',0,'스레이트','조적조','단독주택/축사',2,2226.78,0,1,0,0,35.23473846,'일반','일반건축물',128.8718657,'경상남도 김해시 내동 3-4','3','4','0','주건축물','1000','단독주택','','','','',0,'','30','슬레이트','11','벽돌구조',2226.78,2226.78,0,NULL),(42,0,0,1,203.78,0,'',0,'스레이트/기와/슬라브','블럭조/조적조','단독주택',0,203.78,0,1,0,0,35.24207334,'일반','일반건축물',128.8621655,'경상남도 김해시 내동 19-1','19','1','0','주건축물','1000','단독주택','','','','',0,'','30','슬레이트','12','블록구조',216.65,216.65,1,4),(43,0,0,0,127.68,0,'',0,'슬라브','철근콘크리트조/조적조','단독주택',0,216.38,0,2,0,0,35.24207334,'일반','일반건축물',128.8621655,'경상남도 김해시 내동 42-11','42','11','0','주건축물','1000','단독주택','','','','',0,'','10','(철근)콘크리트','21','철근콘크리트구조',216.38,216.38,1,1),(44,NULL,NULL,1,96.97,0,'양지유치원',NULL,'경사슬라브','철근콘크리트조','교육연구및복지시설',0,267.59,0,3,12.2,0,35.24869532,'일반','일반건축물',128.8651476,'경상남도 김해시 내동 127-127','127','0','0','주건축물','10000','교육연구시설','10801','245','482505000000','',NULL,'경상남도 김해시 분성로3번길 245','10','(철근)콘크리트','21','철근콘크리트구조',355.59,355.59,0,NULL),(46,0,0,0,133.74,0,'',0,'슬라브','철근콘크리트조','단독주택/근린생활시설',0,267.48,0,2,0,0,35.24602668,'일반','일반건축물',128.8652181,'경상남도 김해시 내동 129-1','129','1','0','주건축물','1000','단독주택','10801','214','482503000000','0',0,'경상남도 김해시 평전로 214','10','(철근)콘크리트','21','철근콘크리트구조',267.48,267.48,0,NULL),(47,2.88,1,0,131.68,58.27,'',0,'슬라브','철근콘크리트조/조적조','제2종근린생활시설/단독주택',0,355.68,157.38,3,0,226,35.24590081,'일반','일반건축물',128.8651728,'경상남도 김해시 내동 129-2','129','2','0','주건축물','1000','단독주택','10801','210','482503000000','',0,'경상남도 김해시 평전로 210','10','(철근)콘크리트','21','철근콘크리트구조',355.68,355.68,0,NULL),(48,0,0,0,129.2,57.1,'',0,'슬라브','철근콘크리트조','단독주택/근린생활시설',0,129.2,57.1,1,0,226.3,35.24581107,'일반','일반건축물',128.8651169,'경상남도 김해시 내동 129-3','129','3','0','주건축물','1000','단독주택','10801','208','482503000000','1',0,'경상남도 김해시 평전로 208-1','10','(철근)콘크리트','21','철근콘크리트구조',129.2,129.2,0,NULL),(49,0,0,1,134.4,59.41,'',0,'슬라브','철근콘크리트조/시멘트벽돌조','근린생활시설/단독주택',0,380.52,168.22,3,0,226.2,35.24569413,'일반','일반건축물',128.8650827,'경상남도 김해시 내동 129-4','129','4','0','주건축물','1000','단독주택','10801','208','482503000000','0',0,'경상남도 김해시 평전로 208','10','(철근)콘크리트','21','철근콘크리트구조',484.92,484.92,1,1),(50,0,0,NULL,133.5,59.41,'',0,'슬라브','철근콘크리트조/벽돌조','단독주택/제1,2종근린생활시설',0,378.81,168.58,3,0,224.7,35.24558629,'일반','일반건축물',128.8650376,'경상남도 김해시 내동 129-5','129','5','0','주건축물','1000','단독주택','10801','206','482503000000','1',0,'경상남도 김해시 평전로 206-1','10','(철근)콘크리트','21','철근콘크리트구조',378.81,378.81,1,1),(51,NULL,NULL,NULL,19.8,18.86,'괴정양수장',NULL,'슬라브','철근콘크리트구조','제1종근린생활시설',0,19.8,18.86,1,3.86,105,35.2510306,'일반','일반건축물',128.9884529,'경상남도 김해시 대동면 괴정리 7-169','7','169','0','주건축물','3000','제1종근린생활시설','37001','155','482503000000','178',NULL,'경상남도 김해시 대동면 동남로 155-178','10','(철근)콘크리트','21','철근콘크리트구조',19.8,19.8,1,1),(52,NULL,NULL,0,139.93,57.11,'',NULL,'판넬경사','일반철골구조','제1,2종근린생활시설',0,279.86,114.23,2,8.8,245,35.24856062,'일반','일반건축물',128.9829508,'경상남도 김해시 대동면 괴정리 20-16','20','16','0','주건축물','3000','제1종근린생활시설','37002','712','482503000000','0',NULL,'경상남도 김해시 대동면 대동로 712','90','기타지붕','31','일반철골구조',279.86,279.86,0,NULL),(53,3.4,1,0,84.52,32.38,'',0,'평슬라브','조적조','단독주택',0,82.15,31.46,1,4.2,261,35.2484339,'일반','일반건축물',128.9830152,'경상남도 김해시 대동면 괴정리 20-17','20','17','0','주건축물','1000','단독주택','37002','710','482503000000','0',0,'경상남도 김해시 대동면 대동로 710','10','(철근)콘크리트','11','벽돌구조',82.12,82.12,1,1),(55,2,1,NULL,64.1,0,'',NULL,'슬라브','조적조','단독주택',0,64.1,0,1,0,0,35.24818287,'일반','일반건축물',128.9828473,'경상남도 김해시 대동면 괴정리 20-18','20','18','0','주건축물','1000','단독주택','37002','707','482503000000','0',NULL,'경상남도 김해시 대동면 대동로 707','10','(철근)콘크리트','11','벽돌구조',64.1,64.1,0,NULL),(56,2.25,1,NULL,67.82,48.44,'',NULL,'슬라브, 스레이트','블록조','단독주택',0,67.82,48.44,1,0,140,35.2479206,'일반','일반건축물',128.982954,'경상남도 김해시 대동면 괴정리 23-23','23','0','0','주건축물','1000','단독주택','37002','705','482503000000','0',NULL,'경상남도 김해시 대동면 대동로 705','10','(철근)콘크리트','12','블록구조',67.82,67.82,0,NULL),(57,0,NULL,1,153.41,76.32,'',NULL,'슬라브, 스레이트','블럭조, 목조, 벽돌조','근린생활시설, 단독주택',0,153.41,76.32,1,0,201,35.24831138,'일반','일반건축물',128.9825632,'경상남도 김해시 대동면 괴정리 28-1','28','1','0','주건축물','21000','동물및식물관련시설','37002','711','482503000000','',NULL,'경상남도 김해시 대동면 대동로 711','10','(철근)콘크리트','12','블록구조',245.06,245.06,1,4),(58,25.5,1,NULL,65.5,0,'',NULL,'스레이트','목조','단독주택',0,65.5,0,1,0,0,35.24813032,'일반','일반건축물',128.9826599,'경상남도 김해시 대동면 괴정리 28-3','28','3','0','주건축물','1000','단독주택','','','','',NULL,'','30','슬레이트','51','일반목구조',65.5,65.5,1,4),(59,NULL,NULL,0,100.1,41.47,'',NULL,'판넬','경량철골구조','단독주택',0,100.1,41.47,1,4.725,241.4,35.25247964,'일반','일반건축물',128.9787565,'경상남도 김해시 대동면 괴정리 71-71','71','0','0','주건축물','1000','단독주택','37001','34','482505000000','0',NULL,'경상남도 김해시 대동면 대동로745번길 34','90','기타지붕','32','경량철골구조',100.1,100.1,0,NULL),(60,NULL,NULL,0,106.36,33.24,'',NULL,'기타지붕','일반목구조','단독주택',0,144.86,45.27,2,7.875,320,35.25239701,'일반','일반건축물',128.9789424,'경상남도 김해시 대동면 괴정리 72-72','72','0','0','주건축물','1000','단독주택','37001','32','482505000000','0',NULL,'경상남도 김해시 대동면 대동로745번길 32','90','기타지붕','51','일반목구조',144.86,144.86,0,NULL),(61,0,0,1,80.4,0,'',0,'슬라브','조적조','단독주택',0,80.4,0,1,0,0,35.24241204,'일반','일반건축물',128.8801995,'경상남도 김해시 대성동 45-4','45','4','0','주건축물','1000','단독주택','10502','43','482505000000','0',0,'경상남도 김해시 호계로555번길 43','10','(철근)콘크리트','12','블록구조',98.8,98.8,0,NULL),(62,0,0,0,54.38,0,'',0,'슬라브','조적조','단독주택',0,54.38,0,1,0,0,35.24197924,'일반','일반건축물',128.8802168,'경상남도 김해시 대성동 45-7','45','7','0','주건축물','1000','단독주택','10502','50','482505000000','6',0,'경상남도 김해시 호계로549번길 50-6','10','(철근)콘크리트','12','블록구조',54.38,54.38,0,NULL),(63,NULL,NULL,0,74.7,45.27,'',NULL,'스라브','철근콘크리트구조','단독주택',0,105.9,64.18,2,8.05,165,35.24172983,'일반','일반건축물',128.8798076,'경상남도 김해시 대성동 46-46','46','0','0','주건축물','1000','단독주택','10502','49','482505000000','0',NULL,'경상남도 김해시 호계로549번길 49','10','(철근)콘크리트','21','철근콘크리트구조',105.9,105.9,0,NULL),(64,NULL,NULL,0,65.16,48.27,'',NULL,'스라브','철근콘크리트구조','단독주택(1가구)',0,108.09,80.07,2,8.25,135,35.24158586,'일반','일반건축물',128.879773,'경상남도 김해시 대성동 46-5','46','5','0','주건축물','1000','단독주택','10502','49','482505000000','1',NULL,'경상남도 김해시 호계로549번길 49-1','10','(철근)콘크리트','21','철근콘크리트구조',108.09,108.09,1,1),(65,NULL,NULL,0,62.94,44.96,'',NULL,'(철근)콘크리트(슬라브)','철근콘크리트구조','단독주택',0,148.56,106.11,3,9.18,140,35.24155786,'일반','일반건축물',128.8799046,'경상남도 김해시 대성동 46-6','46','6','0','주건축물','1000','단독주택','10502','47','482505000000','1',NULL,'경상남도 김해시 호계로549번길 47-1','10','(철근)콘크리트','21','철근콘크리트구조',148.56,148.56,1,1),(66,NULL,NULL,0,60.03,58.85,'',NULL,'(철근)콘크리트','철근콘크리트구조','단독주택/제2종근린생활시설',0,197.43,193.56,4,15.5,102,35.24164791,'일반','일반건축물',128.8799165,'경상남도 김해시 대성동 46-7','46','7','0','주건축물','1000','단독주택','10502','47','482505000000','0',NULL,'경상남도 김해시 호계로549번길 47','10','(철근)콘크리트','21','철근콘크리트구조',197.43,197.43,1,1),(67,NULL,NULL,NULL,213.5,46.82,'',NULL,'슬라브','철근콘크리트구조','단독주택(19가구)',0,609.95,133.76,4,14.1,456,35.24261193,'일반','일반건축물',128.8799819,'경상남도 김해시 대성동 50-50','50','0','0','주건축물','1000','단독주택','10501','20','482505000000','0',NULL,'경상남도 김해시 가락로176번길 20','10','(철근)콘크리트','21','철근콘크리트구조',609.95,609.95,1,1),(68,NULL,NULL,0,193.7,59.97,'',NULL,'(철근)콘크리트','철근콘크리트구조','단독주택',0,595.66,184.41,4,13,323,35.24254366,'일반','일반건축물',128.8794538,'경상남도 김해시 대성동 53-1','53','1','0','주건축물','1000','단독주택','10501','15','482505000000','0',NULL,'경상남도 김해시 가락로176번길 15','10','(철근)콘크리트','21','철근콘크리트구조',595.66,595.66,1,1),(69,NULL,NULL,0,111.27,32.25,'',NULL,'(철근)콘크리트','철근콘크리트구조','단독주택',0,149.74,43.4,2,7.54,345,35.24231617,'일반','일반건축물',128.879748,'경상남도 김해시 대성동 53-3','53','3','0','주건축물','1000','단독주택','10501','18','482505000000','',NULL,'경상남도 김해시 가락로176번길 18','10','(철근)콘크리트','21','철근콘크리트구조',149.74,149.74,1,1),(70,0,0,0,113.19,0,'',0,'스레이트/기와','조적조','단독주택',0,113.19,0,1,0,0,35.24235303,'일반','일반건축물',128.8796385,'경상남도 김해시 대성동 53-4','53','4','0','주건축물','1000','단독주택','10501','16','482505000000','0',0,'경상남도 김해시 가락로176번길 16','30','슬레이트','12','블록구조',113.19,113.19,0,NULL),(71,NULL,NULL,1,894.56,9.94,'',0,'슬라브','철골철근콘크리트구조','운동시설',1,3262.58,36.24,4,21.31,9003,35.19281479,'일반','일반건축물',128.7932556,'경상남도 김해시 대청동 37-37','37','0','0','주건축물','13000','운동시설','12904','203','482503000000','',0,'경상남도 김해시 대청로 203','10','(철근)콘크리트','42','철골철근콘크리트구조',6891.08,6891.08,1,4),(72,NULL,NULL,NULL,1676.48,18.09,'',NULL,'철근콘크리트구조(평슬라브)','철근콘크리트구조','제1종근린생활시설, 제2종근린생활시설, 운동시설',1,3683.44,39.75,4,16.95,9265,35.19328493,'일반','일반건축물',128.7930405,'경상남도 김해시 대청동 37-24','37','24','0','주건축물','4000','제2종근린생활시설','12904','203','482503000000','1',1,'경상남도 김해시 대청로 203-1','10','(철근)콘크리트','21','철근콘크리트구조',0,3683.44,1,4),(73,NULL,NULL,0,33.21,4.34,'',NULL,'기타지붕','일반철골구조','자동차관련시설',0,99.63,13.01,3,10.5,766,35.19330588,'일반','일반건축물',128.7967083,'경상남도 김해시 대청동 53-1','53','1','0','주건축물','20000','자동차관련시설','12902','30','482505000000','0',NULL,'경상남도 김해시 번화1로75번길 30','90','기타지붕','31','일반철골구조',99.63,99.63,0,NULL),(74,NULL,NULL,NULL,292.76,38.21,'와와모텔',NULL,'평슬라브','철근콘크리트구조','숙박시설',0,1412.14,184.33,6,20.75,766.1,35.19328663,'일반','일반건축물',128.7968948,'경상남도 김해시 대청동 53-2','53','2','0','주건축물','15000','숙박시설','12902','28','482505000000','',1,'경상남도 김해시 번화1로75번길 28','10','(철근)콘크리트','21','철근콘크리트구조',1412.14,1412.14,0,NULL),(75,NULL,NULL,1,484.65,74.87,'만복빌딩',NULL,'슬라브','철근콘크리트','의료시설',0,1917.84,296.28,4,19.775,647.3,35.1928635,'일반','일반건축물',128.7968138,'경상남도 김해시 대청동 55-1','55','1','0','주건축물','9000','의료시설','12903','12','482505000000','23',1,'경상남도 김해시 대청로210번길 12-23','10','(철근)콘크리트','31','일반철골구조',2382.27,2382.27,0,NULL),(76,NULL,NULL,NULL,309.58,48.8,'호텔런더너',NULL,'평슬라브','철근콘크리트구조','숙박시설',0,1396.42,220.12,6,20.75,634.4,35.19303135,'일반','일반건축물',128.7973316,'경상남도 김해시 대청동 55-3','55','3','0','주건축물','15000','숙박시설','12902','23','482505000000','0',1,'경상남도 김해시 번화1로75번길 23','10','(철근)콘크리트','21','철근콘크리트구조',1396.42,1396.42,0,NULL),(77,NULL,NULL,1,518.5,74.56,'',NULL,'철근콘크리트','철근콘크리트조','숙박시설',0,2846.15,409.28,8,26.7,695.4,35.19283233,'일반','일반건축물',128.7974394,'경상남도 김해시 대청동 55-4','55','4','0','주건축물','15000','숙박시설','12902','24','482505000000','0',1,'경상남도 김해시 번화1로67번길 24','10','(철근)콘크리트','21','철근콘크리트구조',2984.41,2984.41,1,1),(78,NULL,NULL,0,514.52,74.69,'장유 브이모텔',NULL,'슬라브','철근콘크리트구조','숙박시설',0,1852.43,268.9,8,26.1,688.9,35.19275302,'일반','일반건축물',128.7971641,'경상남도 김해시 대청동 55-5','55','5','0','주건축물','15000','숙박시설','12902','26','482505000000','',1,'경상남도 김해시 번화1로67번길 26','10','(철근)콘크리트','21','철근콘크리트구조',1852.43,1852.43,1,1),(79,NULL,NULL,NULL,317.26,45.87,'',NULL,'기타지붕','일반철골구조/경량철골구조','제2종근린생활시설',0,623.98,90.22,4,13.4,691.6,35.19261054,'일반','일반건축물',128.7968992,'경상남도 김해시 대청동 55-6','55','6','0','주건축물','4000','제2종근린생활시설','12903','12','482505000000','27',NULL,'경상남도 김해시 대청로210번길 12-27','90','기타지붕','31','일반철골구조',778.04,778.04,1,1),(80,NULL,NULL,NULL,513.18,71.24,'',NULL,'슬라브','철근콘크리트구조','숙박시설',0,1983.96,275.39,7,22.3,720.4,35.193315,'일반','일반건축물',128.7980591,'경상남도 김해시 대청동 56-2','56','2','0','주건축물','15000','숙박시설','12902','17','482505000000','0',NULL,'경상남도 김해시 번화1로75번길 17','10','(철근)콘크리트','21','철근콘크리트구조',1983.96,2160.18,0,NULL),(81,NULL,NULL,NULL,31.5,9.57,'',NULL,'기와','일반목구조','단독주택',0,31.5,9.57,1,4.85,329,35.24576702,'일반','일반건축물',128.8885756,'경상남도 김해시 동상동 12-3','12','3','0','주건축물','1000','단독주택','10101','58','482505000000','',0,'경상남도 김해시 사충단길 58','20','기와','51','일반목구조',31.5,31.5,1,1),(82,9.45,1,NULL,93.1,42.71,'',NULL,'판넬','조적조(블록)','단독주택',0,93.1,42.71,1,3.3,218,35.24352598,'일반','일반건축물',128.886881,'경상남도 김해시 동상동 16-7','16','7','0','주건축물','1000','단독주택','10101','26','482505000000','',0,'경상남도 김해시 사충단길 26','90','기타지붕','12','블록구조',83.65,93.1,0,NULL),(84,0,0,0,41.6,0,'',0,'스레이트','블록조','주택',0,41.6,0,1,0,0,35.2431393,'일반','일반건축물',128.8867559,'경상남도 김해시 동상동 16-9','16','9','0','주건축물','1000','단독주택','10101','20','482505000000','0',0,'경상남도 김해시 사충단길 20','30','슬레이트','12','블록구조',41.6,41.6,0,NULL),(86,0,0,0,26.52,28.52,'',0,'슬라브','조적조','단독주택',0,26.52,28.52,1,3.9,93,35.24274964,'일반','일반건축물',128.8870373,'경상남도 김해시 동상동 24-24','24','0','0','주건축물','1000','단독주택','10101','14','482505000000','',0,'경상남도 김해시 사충단길 14','10','(철근)콘크리트','11','벽돌구조',26.52,26.52,0,NULL),(87,0,0,0,119.54,19.67,'',0,'기와','목조/조적조','종교시설(법당)',0,119.54,19.67,1,0,607.7,35.2430947,'일반','일반건축물',128.8879201,'경상남도 김해시 동상동 26-26','26','0','0','주건축물','4000','제2종근린생활시설','10101','14','482505000000','9',0,'경상남도 김해시 사충단길 14-9','20','기와','51','일반목구조',119.54,119.54,1,4),(88,0,0,0,19.38,0,'',0,'스레이트','블록조','주택',0,19.38,0,1,0,0,35.2418697,'일반','일반건축물',128.8877969,'경상남도 김해시 동상동 49-49','49','0','0','주건축물','1000','단독주택','10101','73','482505000000','31',0,'경상남도 김해시 가야로405번길 73-31','30','슬레이트','12','블록구조',19.38,19.38,1,4),(89,NULL,NULL,0,43.4,0,'',0,'스레이트','블럭조','주택',0,43.4,0,1,0,0,35.24217841,'일반','일반건축물',128.8874926,'경상남도 김해시 동상동 51-2','51','2','0','주건축물','1000','단독주택','10101','73','482505000000','29',0,'경상남도 김해시 가야로405번길 73-29','30','슬레이트','12','블록구조',43.4,43.4,0,NULL),(90,NULL,NULL,0,65.45,0,'',0,'기와','블록조','주택',0,65.45,0,1,0,0,35.2387839,'일반','일반건축물',128.8857526,'경상남도 김해시 동상동 117-4','117','4','0','주건축물','1000','단독주택','','','','',0,'','20','기와','12','블록구조',65.45,65.45,1,1),(91,496.48,2,0,1596.15,NULL,'',NULL,'판넬','일반철골구조','운동시설',2,1596.15,NULL,1,24.95,NULL,35.20574892,'일반','일반건축물',128.8414082,'경상남도 김해시 명법동 27-27','27','0','0','주건축물','13000','운동시설','11205','862','482502000000','0',NULL,'경상남도 김해시 금관대로 862','90','기타지붕','31','일반철골구조',1099.67,1596.15,0,NULL),(97,NULL,NULL,0,395.3,59.53,'',NULL,'기타지붕','일반철골구조','제1종근린생활시설',0,789.9,118.96,2,12.4,664,35.20585784,'일반','일반건축물',128.8412995,'경상남도 김해시 명법동 50-2','50','2','0','주건축물','3000','제1종근린생활시설','11205','858','482502000000','',NULL,'경상남도 김해시 금관대로 858','90','기타지붕','31','일반철골구조',781.9,789.9,0,NULL),(98,NULL,NULL,0,99.2,34.09,'',NULL,'기타지붕','경량철골구조','제2종근린생활시설',0,99.2,34.09,1,6.97,291,35.20569728,'일반','일반건축물',128.8410562,'경상남도 김해시 명법동 53-53','53','0','0','주건축물','4000','제2종근린생활시설','11205','856','482502000000','0',NULL,'경상남도 김해시 금관대로 856','90','기타지붕','32','경량철골구조',99.2,99.2,1,1),(99,31.04,2,0,99.71,13.4,'',0,'기와','목조','단독주택',0,99.71,13.4,1,0,744,35.20219322,'일반','일반건축물',128.8368139,'경상남도 김해시 명법동 168-168','168','0','0','주건축물','1000','단독주택','11201','49','482505000000','11',0,'경상남도 김해시 금관대로804번길 49-11','20','기와','51','일반목구조',99.71,99.71,1,1),(100,14.7,1,0,36.28,11.93,'',0,'초가','목조','단독주택',0,36.28,11.93,1,0,304,35.20239486,'일반','일반건축물',128.8363328,'경상남도 김해시 명법동 171-171','171','0','0','주건축물','1000','단독주택','11201','47','482505000000','11',0,'경상남도 김해시 금관대로804번길 47-11','90','기타지붕','51','일반목구조',36.28,36.28,1,1),(101,0,NULL,NULL,146.84,19.35,'',NULL,'슬라브','철근콘크리트조/조적조','단독주택',0,197.37,26,2,7.5,759,35.19816281,'일반','일반건축물',128.8278116,'경상남도 김해시 무계동 2-2','2','0','0','주건축물','1000','단독주택','12603','99','482505000000','0',NULL,'경상남도 김해시 금관대로722번길 99','10','(철근)콘크리트','11','벽돌구조',197.37,197.37,1,1),(102,0,0,NULL,400,41.03,'',NULL,'스레이트','경량철골조','농업인창고/농업인축사',0,400,41.03,1,6,975,35.19816281,'일반','일반건축물',128.8278116,'경상남도 김해시 무계동 3-4','3','4','0','주건축물','18000','창고시설','12603','99','482505000000','',NULL,'경상남도 김해시 금관대로722번길 99','30','슬레이트','32','경량철골구조',400,400,1,1),(103,0,NULL,NULL,384,41.29,'',NULL,'경량철골조','경량철골조','농업인축사',0,384,41.29,1,5,930,35.19783007,'일반','일반건축물',128.8276984,'경상남도 김해시 무계동 3-8','3','8','0','주건축물','21000','동물및식물관련시설','12603','103','482505000000','',NULL,'경상남도 김해시 금관대로722번길 103','10','(철근)콘크리트','32','경량철골구조',384,384,0,NULL),(104,0,NULL,NULL,48,0,'',NULL,'경량철골','경량철골조','관리사',0,48,0,1,0,0,35.20021972,'일반','일반건축물',128.8236045,'경상남도 김해시 무계동 18-18','18','0','0','주건축물','4000','제2종근린생활시설','','0','','0',NULL,'','90','기타지붕','32','경량철골구조',48,48,0,NULL),(105,0,NULL,NULL,83.25,0,'',NULL,'스레이트','블럭조','단독주택',0,83.25,0,1,0,0,35.1988927,'일반','일반건축물',128.8185835,'경상남도 김해시 무계동 41-3','41','3','0','주건축물','1000','단독주택','','','','',NULL,'','30','슬레이트','12','블록구조',83.25,83.25,0,NULL),(106,0,NULL,NULL,42.95,0,'',NULL,'스레이트','목조/블럭조','단독주택',0,42.95,0,1,0,0,35.19860543,'일반','일반건축물',128.8170761,'경상남도 김해시 무계동 50-3','50','3','0','주건축물','1000','단독주택','12602','3','482505000000','35',NULL,'경상남도 김해시 장유로323번길 3-35','30','슬레이트','12','블록구조',42.95,42.95,1,4),(108,NULL,NULL,0,124.96,52.95,'',NULL,'(철근)콘크리트','벽돌구조','다가구주택',0,235.38,99.74,2,7.55,236,35.19860691,'일반','일반건축물',128.8168565,'경상남도 김해시 무계동 51-51','51','0','0','주건축물','1000','단독주택','12602','10','482505000000','1',NULL,'경상남도 김해시 장유로317번길 10-1','10','(철근)콘크리트','11','벽돌구조',235.38,235.38,1,4),(109,0,NULL,NULL,95.32,59.56,'',NULL,'슬라브','철근콘크리트조/조적조','근린생활시설/단독주택',0,177.09,110.65,2,7.75,160.05,35.19852542,'일반','일반건축물',128.8169106,'경상남도 김해시 무계동 51-1','51','1','0','주건축물','4000','제2종근린생활시설','12602','10','482505000000','0',NULL,'경상남도 김해시 장유로317번길 10','10','(철근)콘크리트','21','철근콘크리트구조',177.09,177.09,1,1),(110,0,NULL,NULL,88.92,0,'',NULL,'슬라브/스레이트','블럭조','단독주택',0,88.92,0,1,0,0,35.19853369,'일반','일반건축물',128.8170205,'경상남도 김해시 무계동 51-2','51','2','0','주건축물','1000','단독주택','12602','3','482505000000','33',NULL,'경상남도 김해시 장유로323번길 3-33','10','(철근)콘크리트','12','블록구조',88.92,88.92,1,4),(111,NULL,NULL,0,121.89,37.28,'',0,'스레이트/슬라브','블록조','단독주택',0,150.01,45.87,2,NULL,327,35.23051501,'일반','일반건축물',128.8800048,'경상남도 김해시 봉황동 1-1','1','0','0','주건축물','1000','단독주택','10401','67','482505000000','10',0,'경상남도 김해시 봉황대길 67-10','30','슬레이트','12','블록구조',150.01,150.01,0,NULL),(112,0,0,0,55.21,0,'',0,'스레이트','목조','점포',0,55.21,0,1,0,0,35.23043285,'일반','일반건축물',128.8801468,'경상남도 김해시 봉황동 2-2','2','0','0','주건축물','3000','제1종근린생활시설','','','','',0,'','30','슬레이트','51','일반목구조',55.21,55.21,0,NULL),(113,0,0,1,75.86,0,'',0,'슬라브','블럭조','단독주택',0,75.86,0,1,0,0,35.2300744,'일반','일반건축물',128.8798573,'경상남도 김해시 봉황동 3-3','3','3','0','주건축물','1000','단독주택','10402','53','482505000000','0',0,'경상남도 김해시 분성로288번길 53','10','(철근)콘크리트','12','블록구조',95.99,95.99,1,1),(114,0,0,0,142.07,0,'',0,'스레이트/슬라브','조적조','단독주택',0,142.07,0,1,0,0,35.23044322,'일반','일반건축물',128.8799601,'경상남도 김해시 봉황동 3-5','3','5','0','주건축물','1000','단독주택','10401','67','482505000000','7',0,'경상남도 김해시 봉황대길 67-7','30','슬레이트','12','블록구조',142.07,142.07,1,1),(115,0,0,0,95.48,75.42,'',0,'슬라브','철근콘크리트조','근린생활시설',1,190.96,150.84,2,8,126.6,35.23033362,'일반','일반건축물',128.8801567,'경상남도 김해시 봉황동 4-3','4','3','0','주건축물','4000','제2종근린생활시설','10401','67','482505000000','3',0,'경상남도 김해시 봉황대길 67-3','10','(철근)콘크리트','21','철근콘크리트구조',190.96,190.96,1,1),(116,0,0,0,56.15,0,'',0,'슬라브','철근콘크리트조','단독주택',0,56.15,0,1,0,0,35.23039711,'일반','일반건축물',128.8801024,'경상남도 김해시 봉황동 4-4','4','4','0','주건축물','1000','단독주택','10401','67','482505000000','5',0,'경상남도 김해시 봉황대길 67-5','10','(철근)콘크리트','21','철근콘크리트구조',56.15,56.15,1,1),(117,NULL,NULL,0,269.56,48.31,'',NULL,'일반철골구조','일반철골구조','제1종근린생활시설',0,511.93,91.74,2,10.1,558,35.23019117,'일반','일반건축물',128.8799135,'경상남도 김해시 봉황동 5-5','5','0','0','주건축물','3000','제1종근린생활시설','10401','67','482505000000','',NULL,'경상남도 김해시 봉황대길 67','90','기타지붕','31','일반철골구조',511.93,511.93,1,1),(118,0,0,0,99.19,0,'',0,'슬라브','블록조','단독주택/위험물저장및처리시설/근린생활시설',0,175.78,0,2,0,0,35.23009992,'일반','일반건축물',128.8800663,'경상남도 김해시 봉황동 6-1','6','1','0','주건축물','1000','단독주택','10401','65','482505000000','0',0,'경상남도 김해시 봉황대길 65','10','(철근)콘크리트','12','블록구조',175.78,175.78,1,1),(119,0,0,0,71.62,0,'',0,'슬라브','철근콘크리트조','단독주택/근린생활시설',0,140.43,0,2,0,0,35.22997429,'일반','일반건축물',128.879988,'경상남도 김해시 봉황동 6-2','6','2','0','주건축물','3000','제1종근린생활시설','10401','63','482505000000','',0,'경상남도 김해시 봉황대길 63','10','(철근)콘크리트','21','철근콘크리트구조',140.43,140.43,1,4),(120,0,0,0,92.4,NULL,'',0,'슬라브','철근콘크리트조','근린생활시설',2,92.4,NULL,1,0,NULL,35.23020608,'일반','일반건축물',128.8803421,'경상남도 김해시 봉황동 7-4','7','4','0','주건축물','3000','제1종근린생활시설','10402','43','482505000000','',0,'경상남도 김해시 김해대로2325번길 43','10','(철근)콘크리트','21','철근콘크리트구조',92.4,92.4,1,4),(121,0,NULL,NULL,1602.1,NULL,'',NULL,'슬라브','철근콘크리트조','군사시설',0,1602.1,NULL,1,0,NULL,35.22068835,'일반','일반건축물',128.7818835,'경상남도 김해시 부곡동 1-1','1','1','0','주건축물','23000','교정및군사시설','12507','1042','482503000000','29',NULL,'경상남도 김해시 서부로 1042-29','10','(철근)콘크리트','21','철근콘크리트구조',1602.1,1602.1,1,1),(122,NULL,NULL,NULL,0,0,'',NULL,'스레이트','블럭조','퇴비사,돈사,변소',0,0,0,1,0,0,35.22030698,'일반','일반건축물',128.7837033,'경상남도 김해시 부곡동 2-1','2','1','0','주건축물','1000','단독주택','12507','1074','482503000000','52',NULL,'경상남도 김해시 서부로 1074-52','30','슬레이트','12','블록구조',73.42,73.42,1,1),(123,0,NULL,NULL,82.5,0,'',NULL,'슬라브','블럭조','창고시설',0,82.5,0,1,0,0,35.22016467,'일반','일반건축물',128.7861844,'경상남도 김해시 부곡동 2-8','2','8','0','주건축물','18000','창고시설','12507','1094','482503000000','45',NULL,'경상남도 김해시 서부로 1094-45','10','(철근)콘크리트','12','블록구조',82.5,82.5,0,NULL),(124,63,1,NULL,145.84,31.5,'',NULL,'슬레이트','조적구조','단독주택',0,145.84,31.5,1,4,463,35.22030698,'일반','일반건축물',128.7837033,'경상남도 김해시 부곡동 2-9','2','9','0','주건축물','1000','단독주택','12507','1074','482503000000','52',NULL,'경상남도 김해시 서부로 1074-52','30','슬레이트','11','벽돌구조',145.84,145.84,0,NULL),(126,NULL,NULL,NULL,962.05,53.45,'',NULL,'칼라강판','일반,경량철골구조','동.식물관련시설',0,962.05,53.45,1,8.2,1800,35.22180858,'일반','일반건축물',128.7814988,'경상남도 김해시 부곡동 10-10','10','0','0','주건축물','21000','동물및식물관련시설','12507','1042','482503000000','17',NULL,'경상남도 김해시 서부로 1042-17','90','기타지붕','31','일반철골구조',962.05,962.05,0,NULL),(127,NULL,NULL,NULL,714.96,0,'',NULL,'스레이트','철골조','축사',0,714.96,0,1,5.78,0,35.22211376,'일반','일반건축물',128.7816995,'경상남도 김해시 부곡동 11-11','11','0','0','주건축물','21000','동물및식물관련시설','12507','1050','482503000000','0',NULL,'경상남도 김해시 서부로 1050','30','슬레이트','31','일반철골구조',714.96,714.96,0,NULL),(129,NULL,NULL,NULL,240,58.11,'',NULL,'샌드위치판넬','일반철골구조','창고시설',0,240,58.11,1,7.85,413,35.22177616,'일반','일반건축물',128.7864966,'경상남도 김해시 부곡동 17-1','17','1','0','주건축물','18000','창고시설','12507','1094','482503000000','8',NULL,'경상남도 김해시 서부로 1094-8','90','기타지붕','31','일반철골구조',240,240,1,4),(130,43.38,2,NULL,141.39,36.44,'',NULL,'슬라브','조적조','주택',0,141.39,36.44,1,4.75,388,35.22207846,'일반','일반건축물',128.7857525,'경상남도 김해시 부곡동 17-3','17','3','0','주건축물','1000','단독주택','12507','1088','482503000000','0',NULL,'경상남도 김해시 서부로 1088','10','(철근)콘크리트','19','기타조적구조',141.39,141.39,1,4),(131,NULL,NULL,1,144.195,59.88,'',NULL,'(철근)콘크리트','철근콘크리트구조','단독주택(6가구)',0,428.67,178.02,3,11.21,240.8,35.23161773,'일반','일반건축물',128.8894427,'경상남도 김해시 부원동 8-7','8','7','0','주건축물','1000','단독주택','10302','59','482505000000','0',NULL,'경상남도 김해시 호계로472번길 59','10','(철근)콘크리트','21','철근콘크리트구조',556.995,556.995,1,4),(132,NULL,NULL,NULL,203.81,58.58,'',NULL,'슬라브','철근콘크리트구조','단독주택(6가구)/제2종근린생활시설',0,604.78,173.84,4,12.55,347.9,35.23186125,'일반','일반건축물',128.8894234,'경상남도 김해시 부원동 8-10','8','10','0','주건축물','1000','단독주택','10302','30','482505000000','0',NULL,'경상남도 김해시 분성로396번길 30','10','(철근)콘크리트','21','철근콘크리트구조',604.78,604.78,0,NULL),(133,0,0,0,98.43,59.37,'',0,'슬라브','조적조','단독주택',0,172.2,103.86,2,7.5,165.8,35.23226774,'일반','일반건축물',128.889307,'경상남도 김해시 부원동 8-13','8','13','0','주건축물','1000','단독주택','10302','26','482505000000','1',0,'경상남도 김해시 분성로396번길 26-1','10','(철근)콘크리트','11','벽돌구조',172.2,172.2,1,4),(134,0,0,0,49,32.47,'',0,'슬라브','조적조','위험물저장및처리시설',0,45.6,30.22,1,4.1,150.9,35.23241991,'일반','일반건축물',128.8894515,'경상남도 김해시 부원동 8-16','8','16','0','주건축물','19000','위험물저장및처리시설','10302','24','482505000000','0',0,'경상남도 김해시 분성로396번길 24','10','(철근)콘크리트','11','벽돌구조',45.6,45.6,0,NULL),(135,0,0,0,30.5,0,'',0,'스레이트','블럭조','단독주택',0,30.5,0,1,0,0,35.23181202,'일반','일반건축물',128.8887637,'경상남도 김해시 부원동 12-2','12','2','0','주건축물','1000','단독주택','10302','30','482505000000','0',0,'경상남도 김해시 분성로390번길 30','30','슬레이트','12','블록구조',30.5,30.5,0,NULL),(136,45.9,NULL,0,45.9,NULL,'',0,'기와/스레이트','조적조','단독주택',0,45.9,NULL,1,0,NULL,35.23171336,'일반','일반건축물',128.8886967,'경상남도 김해시 부원동 12-3','12','3','0','주건축물','1000','단독주택','10302','51','482505000000','2',0,'경상남도 김해시 호계로472번길 51-2','20','기와','12','블록구조',45.9,45.9,1,1),(137,0,0,0,50.95,0,'',0,'스레이트','블럭조','단독주택',0,50.95,0,1,0,0,35.2315603,'일반','일반건축물',128.8886731,'경상남도 김해시 부원동 12-4','12','4','0','주건축물','1000','단독주택','10302','51','482505000000','1',0,'경상남도 김해시 호계로472번길 51-1','30','슬레이트','12','블록구조',50.95,50.95,1,1),(138,0,0,0,95.06,46.46,'',0,'슬라브','조적조','단독주택',0,95.06,46.46,1,4.1,204,35.23170421,'일반','일반건축물',128.8874882,'경상남도 김해시 부원동 18-1','18','1','0','주건축물','1000','단독주택','10302','39','482505000000','15',0,'경상남도 김해시 호계로472번길 39-15','10','(철근)콘크리트','11','벽돌구조',95.06,95.06,1,1),(139,NULL,NULL,0,100.15,59.26,'',0,'샌드위치판넬','철골조/경량철골조','제1종근린생활시설/단독주택',1,184.14,108.96,2,7.62,169,35.23168024,'일반','일반건축물',128.8870704,'경상남도 김해시 부원동 18-3','18','3','0','주건축물','1000','단독주택','10302','28','482505000000','',0,'경상남도 김해시 분성로376번길 28','90','기타지붕','31','일반철골구조',184.14,184.14,1,1),(140,NULL,NULL,NULL,211.68,59.8,'',NULL,'경사스라브','철근콘크리트조','제1종근린생활시설/제2종근린생활시설/단독주택',0,1059.57,299.31,6,22.4,354,35.23155171,'일반','일반건축물',128.8873876,'경상남도 김해시 부원동 18-4','18','4','0','주건축물','4000','제2종근린생활시설','10302','39','482505000000','9',NULL,'경상남도 김해시 호계로472번길 39-9','10','(철근)콘크리트','21','철근콘크리트구조',1059.57,1059.57,0,NULL),(141,0,NULL,NULL,14.25,0,'',NULL,'시멘트기와','목조','단독주택',0,14.25,0,1,0,0,35.22775497,'일반','일반건축물',128.9249054,'경상남도 김해시 불암동 31-31','31','0','0','주건축물','1000','단독주택','','','','',NULL,'','20','기와','51','일반목구조',14.25,14.25,0,NULL),(142,NULL,NULL,0,129.78,45.86,'',NULL,'평스라브','일반철골구조','제2종근린생활시설',0,385.86,136.35,3,12.9,283,35.22775699,'일반','일반건축물',128.9246418,'경상남도 김해시 불암동 32-32','32','0','0','주건축물','4000','제2종근린생활시설','12202','8','482505000000','0',NULL,'경상남도 김해시 김해대로2725번길 8','90','기타지붕','31','일반철골구조',385.86,385.86,1,4),(143,NULL,NULL,0,310.4,19.11,'',NULL,'일반철골구조','일반철골구조','제2종근린생활시설',0,310.4,19.11,1,19.9,3248,35.22448943,'일반','일반건축물',128.9252308,'경상남도 김해시 불암동 33-1','33','1','0','주건축물','4000','제2종근린생활시설','12203','168','482505000000','',NULL,'경상남도 김해시 김해대로2596번길 168','90','기타지붕','31','일반철골구조',310.4,310.4,1,4),(144,NULL,NULL,0,146.85,17.38,' ',NULL,'철골조','일반철골구조','제1종근린생활시설',0,146.85,17.38,1,7.895,845,35.22447621,'일반','일반건축물',128.9257799,'경상남도 김해시 불암동 33-6','33','6','0','주건축물','3000','제1종근린생활시설','12203','170','482505000000','0',NULL,'경상남도 김해시 김해대로2596번길 170','90','기타지붕','31','일반철골구조',146.85,146.85,0,NULL),(145,NULL,NULL,0,154.14,59.28,'',0,'슬라브','조적조','단독주택',0,130.14,50.05,1,5.1,260,35.22346815,'일반','일반건축물',128.9244063,'경상남도 김해시 불암동 43-1','43','1','0','주건축물','1000','단독주택','12211','2768','482502000000','35',0,'경상남도 김해시 김해대로 2768-35','10','(철근)콘크리트','11','벽돌구조',130.14,130.14,0,NULL),(146,NULL,NULL,NULL,138,0,'',NULL,'샌드위치판넬','경량철골조/철골조','자동차관련시설/단독주택/제2종근린생활시설',0,138,0,2,5.5,0,35.22455902,'일반','일반건축물',128.9267365,'경상남도 김해시 불암동 46-1','46','1','0','주건축물','1000','단독주택','12211','2763','482502000000','0',NULL,'경상남도 김해시 김해대로 2763','30','슬레이트','31','일반철골구조',86.8,138,0,NULL),(148,NULL,NULL,0,90.12,17.6,'',NULL,'샌드위치판넬','경량철골구조','단독주택, 제1종근린생활시설',0,90.12,17.6,1,5.65,512,35.22455683,'일반','일반건축물',128.9270221,'경상남도 김해시 불암동 48-48','48','0','0','주건축물','1000','단독주택','12201','6','482505000000','0',NULL,'경상남도 김해시 김해대로2761번길 6','90','기타지붕','32','경량철골구조',90.12,90.12,0,NULL),(149,14.43,1,NULL,42.55,0,'',NULL,'시멘트기와/스라브','목조/블록조','단독주택',0,42.55,0,1,0,0,35.22451227,'일반','일반건축물',128.9269557,'경상남도 김해시 불암동 48-1','48','1','0','주건축물','1000','단독주택','','','','',NULL,'','20','기와','51','일반목구조',42.55,42.55,1,1),(150,0,NULL,NULL,72.33,50.58,'',NULL,'평스라브','벽돌조','단독주택',0,72.33,50.58,1,0,143,35.22434043,'일반','일반건축물',128.9270306,'경상남도 김해시 불암동 48-3','48','3','0','주건축물','1000','단독주택','12201','8','482505000000','10',NULL,'경상남도 김해시 김해대로2761번길 8-10','10','(철근)콘크리트','11','벽돌구조',72.33,72.33,1,1),(151,45.27,1,0,1385.31,0,'김해사격장',0,'아취판넬','철골조','운동시설',35,1377.47,0,1,8.96,0,35.2583205,'일반','일반건축물',128.8803607,'경상남도 김해시 삼계동 9','9','0','0','주건축물','13000','운동시설','10702','132','482503000000','',0,'경상남도 김해시 삼계로 132','90','기타지붕','31','일반철골구조',1332.2,1377.47,1,1),(161,0,NULL,1,254.65,0,'',NULL,'슬라브','블럭조/철근콘크리트조','근린생활시설',1,254.65,0,1,0,0,35.19722289,'일반','일반건축물',128.800063,'경상남도 김해시 삼문동 11-5','11','5','0','주건축물','4000','제2종근린생활시설','','','','',NULL,'','10','(철근)콘크리트','21','철근콘크리트구조',551.65,551.65,1,1),(162,0,NULL,NULL,820,0,'',NULL,'스레이트/슬라브','철근콘크리트조','공장',0,980,0,2,0,0,35.19722289,'일반','일반건축물',128.800063,'경상남도 김해시 삼문동 11-6','11','6','0','주건축물','17000','공장','','','','',NULL,'','30','슬레이트','21','철근콘크리트구조',980,980,1,1),(163,0,NULL,1,700,0,'',NULL,'스레이트/슬라브','철근콘크리트조','공장',0,860,0,2,0,0,35.19722289,'일반','일반건축물',128.800063,'경상남도 김해시 삼문동 11-7','11','7','0','주건축물','17000','공장','','','','',NULL,'','30','슬레이트','21','철근콘크리트구조',1560,1560,1,4),(164,0,NULL,NULL,820,0,'',NULL,'스레이트/슬라브','철근콘크리트조','공장',0,980,0,2,0,0,35.19722289,'일반','일반건축물',128.800063,'경상남도 김해시 삼문동 11-8','11','8','0','주건축물','17000','공장','','','','',NULL,'','30','슬레이트','21','철근콘크리트구조',980,980,1,4),(165,0,NULL,NULL,700,0,'',NULL,'스레이트/슬라브','철근콘크리트','공장',0,860,0,2,0,0,35.19722289,'일반','일반건축물',128.800063,'경상남도 김해시 삼문동 11-9','11','9','0','주건축물','17000','공장','','','','',NULL,'','30','슬레이트','21','철근콘크리트구조',860,860,0,NULL),(166,0,NULL,NULL,700,0,'',NULL,'스레이트/슬라브','철근콘크리트','공장',0,860,0,2,0,0,35.19722289,'일반','일반건축물',128.800063,'경상남도 김해시 삼문동 11-10','11','10','0','주건축물','17000','공장','','','','',NULL,'','30','슬레이트','21','철근콘크리트구조',860,860,0,NULL),(167,0,NULL,NULL,820,0,'',NULL,'스레이트/슬라브','철근콘크리트조','공장/사무실',0,980,0,2,0,0,35.19722289,'일반','일반건축물',128.800063,'경상남도 김해시 삼문동 11-11','11','11','0','주건축물','17000','공장','','','','',NULL,'','30','슬레이트','21','철근콘크리트구조',980,980,0,NULL),(168,NULL,NULL,NULL,NULL,0,'',NULL,'슬라브','철근콘크리트/블럭조','공장',0,NULL,0,2,0,0,35.19722289,'일반','일반건축물',128.800063,'경상남도 김해시 삼문동 11-13','11','13','0','주건축물','17000','공장','','','','',NULL,'','10','(철근)콘크리트','21','철근콘크리트구조',NULL,NULL,1,1),(169,NULL,NULL,NULL,97.41,0,'',NULL,'슬라브/스레이트','블럭조/목조','주택',0,97.41,0,1,0,0,35.19798711,'일반','일반건축물',128.8030795,'경상남도 김해시 삼문동 55-3','55','3','0','주건축물','1000','단독주택','','','','',NULL,'','10','(철근)콘크리트','12','블록구조',97.41,97.41,1,4),(170,0,NULL,NULL,172.44,0,'',NULL,'슬라브/스레이트','조적조/블럭조','주택',0,172.44,0,1,0,0,35.19798711,'일반','일반건축물',128.8030795,'경상남도 김해시 삼문동 56-11','56','11','0','주건축물','1000','단독주택','','','','',NULL,'','10','(철근)콘크리트','19','기타조적구조',172.44,172.44,1,4),(171,0,NULL,NULL,60.27,0,'',NULL,'토기와/스레트','목조/브록/흙담','주택/창고',0,60.27,0,1,0,0,35.24358888,'일반','일반건축물',128.9182841,'경상남도 김해시 삼방동 1-1','1','0','0','주건축물','1000','단독주택','','','','',NULL,'','20','기와','51','일반목구조',NULL,NULL,1,4),(172,105,1,0,148.53,19.94,'',NULL,'(철근)콘크리트','철근콘크리트구조','단독주택(2가구)/제2종근린생활시설',0,442.78,59.43,4,14.85,745,35.24116,'일반','일반건축물',128.9176414,'경상남도 김해시 삼방동 10-10','10','0','0','주건축물','1000','단독주택','11901','32','482505000000','0',NULL,'경상남도 김해시 삼안로112번길 32','10','(철근)콘크리트','21','철근콘크리트구조',442.78,547.78,1,4),(174,156.96,5,NULL,280.5,19.02,'',NULL,'기와','일반목구조','제2종근린생활시설',0,246.96,16.74,1,6.08,1475,35.24140669,'일반','일반건축물',128.9172047,'경상남도 김해시 삼방동 10-1','10','1','0','주건축물','4000','제2종근린생활시설','11901','36','482505000000','',NULL,'경상남도 김해시 삼안로112번길 36','20','기와','51','일반목구조',246.96,246.96,1,1),(179,NULL,NULL,0,99.96,13.42,'',NULL,'샌드위치판넬','경량철골구조','제2종근린생활시설',0,99.96,13.42,1,6.1,745,35.24093308,'일반','일반건축물',128.9178476,'경상남도 김해시 삼방동 10-2','10','2','0','주건축물','4000','제2종근린생활시설','11901','30','482505000000','',NULL,'경상남도 김해시 삼안로112번길 30','90','기타지붕','32','경량철골구조',99.96,99.96,0,NULL),(180,60.5,2,0,141.67,19.84,'',NULL,'기와','일반철골구조','단독주택/제2종근린생활시설',0,218.62,30.62,2,8.7,714,35.2407882,'일반','일반건축물',128.9179339,'경상남도 김해시 삼방동 10-3','10','3','0','주건축물','1000','단독주택','11901','28','482505000000','0',NULL,'경상남도 김해시 삼안로112번길 28','20','기와','31','일반철골구조',279.12,279.12,0,NULL),(181,116.54,3,0,176.08,7.52,'',NULL,'기와','목구조','제2종근린생활시설(사찰)',0,176.08,7.52,1,NULL,2343,35.23841515,'일반','일반건축물',128.8942085,'경상남도 김해시 삼정동 2-2','2','0','0','주건축물','4000','제2종근린생활시설','11702','121','482503000000','57',NULL,'경상남도 김해시 활천로 121-57','20','기와','51','일반목구조',59.54,176.08,0,NULL),(185,NULL,NULL,1,105.15,58.42,'스타빌',0,'슬라브','철근콘크리트조','단독주택/창고',0,258.39,143.55,3,10.45,180,35.23539669,'일반','일반건축물',128.8928239,'경상남도 김해시 삼정동 11-9','11','9','0','주건축물','1000','단독주택','11703','152','482505000000','',0,'경상남도 김해시 가야로405번길 152','10','(철근)콘크리트','21','철근콘크리트구조',311.66,311.66,1,1),(186,NULL,NULL,0,159.31,59.98,'',NULL,'경사스라브','철근콘크리트구조','제2종근린생활시설',0,554.69,208.84,5,17.83,265.6,35.23523405,'일반','일반건축물',128.8928771,'경상남도 김해시 삼정동 11-11','11','11','0','주건축물','4000','제2종근린생활시설','11702','85','482503000000','0',1,'경상남도 김해시 활천로 85','10','(철근)콘크리트','21','철근콘크리트구조',680.02,680.02,1,4),(187,NULL,NULL,0,116.28,57.68,'',0,'슬라브','철근콘크리트조','제1,2종근린생활시설',0,198.36,98.39,2,7.7,201.6,35.23516243,'일반','일반건축물',128.8928104,'경상남도 김해시 삼정동 11-12','11','12','0','주건축물','3000','제1종근린생활시설','11702','83','482503000000','',0,'경상남도 김해시 활천로 83','10','(철근)콘크리트','21','철근콘크리트구조',198.36,198.36,1,4),(188,NULL,NULL,0,334.34,55.91,'',0,'슬라브','철근콘크리트조','제1종근린생활시설/제2종근린생활시설',0,997.49,166.8,3,12,598,35.2350645,'일반','일반건축물',128.8926445,'경상남도 김해시 삼정동 11-13','11','13','0','주건축물','4000','제2종근린생활시설','11705','427','482503000000','0',0,'경상남도 김해시 분성로 427','10','(철근)콘크리트','21','철근콘크리트구조',997.49,997.49,0,NULL),(189,NULL,NULL,0,163.4,56.87,'',0,'슬라브','조적조/철근콘크리트조','단독주택/근린생활시설',0,490.2,170.62,3,11.5,287.3,35.23502967,'일반','일반건축물',128.8924793,'경상남도 김해시 삼정동 11-14','11','14','0','주건축물','3000','제1종근린생활시설','11705','425','482503000000','',0,'경상남도 김해시 분성로 425','10','(철근)콘크리트','21','철근콘크리트구조',490.2,490.2,1,1),(190,NULL,NULL,NULL,274.4,42.06,'',NULL,'슬라브','철근콘크리트조/일반철골조','제1,2종근린생활시설/단독주택(1가구)',0,1240.99,190.22,5,17.8,652.4,35.23503088,'일반','일반건축물',128.8923145,'경상남도 김해시 삼정동 11-15','11','15','0','주건축물','3000','제1종근린생활시설','11705','423','482503000000','',1,'경상남도 김해시 분성로 423','10','(철근)콘크리트','21','철근콘크리트구조',1240.99,1240.99,1,1),(191,31.5,2,NULL,154.08,19.83,'',NULL,'슬라브','철근콘크리트구조','단독주택',0,166.17,21.39,2,9.2,777,35.3265595,'일반','일반건축물',128.9647797,'경상남도 김해시 상동면 359-1','359','1','0','주건축물','1000','단독주택','','','','',NULL,'','10','(철근)콘크리트','21','철근콘크리트구조',166.17,166.17,0,NULL),(194,588.43,2,NULL,1021.75,39.39,'',NULL,'준불연판넬','철골조','공장',1,1080.25,41.64,1,10,2594,35.33535603,'일반','일반건축물',128.9409156,'경상남도 김해시 상동면 감노리 3-4','3','4','0','주건축물','17000','공장','36001','857','482503000000','',NULL,'경상남도 김해시 상동면 동북로 857','90','기타지붕','31','일반철골구조',1080.25,1080.25,1,1),(197,NULL,0,0,182.78,30.93,'',NULL,'슬라브','철근콘크리트구조','제1종근린생활시설/단독주택',0,276.14,46.72,2,8.6,591,35.33550376,'일반','일반건축물',128.9416213,'경상남도 김해시 상동면 감노리 4-5','4','5','0','주건축물','3000','제1종근린생활시설','36001','853','482503000000','',NULL,'경상남도 김해시 상동면 동북로 853','10','(철근)콘크리트','21','철근콘크리트구조',276.14,276.14,1,4),(198,208,3,0,599,38.18,'',NULL,'준불연판넬','일반철골구조','공장',0,703,44.81,1,11.7,1569,35.33474431,'일반','일반건축물',128.9453744,'경상남도 김해시 상동면 감노리 5-1','5','1','0','주건축물','17000','공장','36001','821','482503000000','',NULL,'경상남도 김해시 상동면 동북로 821','90','기타지붕','31','일반철골구조',495,703,1,4),(200,NULL,NULL,NULL,356,27.53,'',0,'불연판넬/슬라브/칼라시트','일반철골구조/블럭조','공장',0,356,27.53,1,7.2,1293,35.33507852,'일반','일반건축물',128.9429803,'경상남도 김해시 상동면 감노리 8-2','8','2','0','주건축물','17000','공장','36001','839','482503000000','',0,'경상남도 김해시 상동면 동북로 839','90','기타지붕','31','일반철골구조',332,332,1,1),(201,11,1,NULL,0,0,'',NULL,'스레이트','블럭조','단독주택',0,60,0,1,0,0,35.27751162,'일반','일반건축물',128.8889118,'경상남도 김해시 생림면 나전리 5-5','5','0','0','주건축물','1000','단독주택','','','','',NULL,'','30','슬레이트','12','블록구조',60,60,1,1),(202,0,0,NULL,1492,45.13,'',NULL,'K스판','철골조','공해공장',0,2852.5,86.28,2,14.2,3306,35.27739396,'일반','일반건축물',128.8889764,'경상남도 김해시 생림면 나전리 6-1','6','1','0','주건축물','17000','공장','','','','',NULL,'','90','기타지붕','31','일반철골구조',2852.5,2852.5,0,NULL),(203,NULL,NULL,0,390,38.73,'',NULL,'불연재판넬','일반철골구조','제1종근린생활시설',0,479.67,47.63,2,11.23,NULL,35.27731228,'일반','일반건축물',128.8890525,'경상남도 김해시 생림면 나전리 10-10','10','0','0','주건축물','3000','제1종근린생활시설','35003','587','482503000000','11',NULL,'경상남도 김해시 생림면 인제로 587-11','90','기타지붕','31','일반철골구조',479.67,479.67,0,NULL),(204,NULL,NULL,0,390,38.69,'',NULL,'불연재판넬','일반철골구조','제1종근린생활시설',0,479.67,47.59,2,11.23,1008,35.27731228,'일반','일반건축물',128.8890525,'경상남도 김해시 생림면 나전리 10-1','10','1','0','주건축물','3000','제1종근린생활시설','35003','587','482503000000','11',NULL,'경상남도 김해시 생림면 인제로 587-11','90','기타지붕','31','일반철골구조',479.67,479.67,0,NULL),(205,0,NULL,NULL,194.67,21.63,'',NULL,'샌드위치판넬','조적조/철골조','자원순환관련시설/단독주택',0,312.5,34.72,2,4.7,900,35.27717312,'일반','일반건축물',128.8895896,'경상남도 김해시 생림면 나전리 11-11','11','0','0','주건축물','30000','자원순환관련시설','35003','577','482503000000','',NULL,'경상남도 김해시 생림면 인제로 577','90','기타지붕','11','벽돌구조',312.5,312.5,1,1),(206,NULL,NULL,NULL,228.2,21.7,'',NULL,'슬라브, 아스팔트싱글, 칼라시트','조적구조/경량철골조/목조','근린생활시설, 단독주택',0,228.2,21.7,1,4.9,1052,35.27696606,'일반','일반건축물',128.8895543,'경상남도 김해시 생림면 나전리 11-1','11','1','0','주건축물','4000','제2종근린생활시설','35003','575','482503000000','',NULL,'경상남도 김해시 생림면 인제로 575','10','(철근)콘크리트','11','벽돌구조',228.2,228.2,0,NULL),(207,NULL,NULL,0,335.5,NULL,'',NULL,'샌드위치판넬','일반철골구조','제1종근린생활시설/창고시설',0,393.25,NULL,2,9.5,NULL,35.27681056,'일반','일반건축물',128.8898604,'경상남도 김해시 생림면 나전리 11-2','11','2','0','주건축물','3000','제1종근린생활시설','35003','569','482503000000','',NULL,'경상남도 김해시 생림면 인제로 569','90','기타지붕','31','일반철골구조',393.25,393.25,1,1),(209,NULL,NULL,0,19.88,1.5,'',NULL,'기타지붕(샌드위치판넬)','경량철골구조','창고시설',0,19.88,1.5,1,3.95,1322,35.27596991,'일반','일반건축물',128.890181,'경상남도 김해시 생림면 나전리 23-7','23','7','0','주건축물','18000','창고시설','35003','561','482503000000','',NULL,'경상남도 김해시 생림면 인제로 561','90','기타지붕','32','경량철골구조',19.88,19.88,1,1),(210,NULL,NULL,0,369.6,39.96,'',NULL,'t175판넬','일반철골구조','창고시설',0,369.6,39.96,1,10.67,925,35.27558178,'일반','일반건축물',128.8902536,'경상남도 김해시 생림면 나전리 23-8','23','8','0','주건축물','18000','창고시설','35003','557','482503000000','',NULL,'경상남도 김해시 생림면 인제로 557','90','기타지붕','31','일반철골구조',369.6,369.6,1,1),(211,NULL,NULL,0,28.04,70.1,'',NULL,'슬라브','철근콘크리트구조','제2종근린생활시설',0,56.08,140.2,2,7.6,40,35.23657537,'일반','일반건축물',128.88207,'경상남도 김해시 서상동 1-1','1','0','0','주건축물','4000','제2종근린생활시설','10202','33','482505000000','0',NULL,'경상남도 김해시 분성로335번길 33','10','(철근)콘크리트','21','철근콘크리트구조',56.08,56.08,0,NULL),(212,0,0,0,42.14,36.33,'',0,'와가','목조','단독주택',0,42.14,36.33,1,0,116,35.23639559,'일반','일반건축물',128.8820021,'경상남도 김해시 서상동 3-3','3','0','0','주건축물','1000','단독주택','10202','31','482505000000','2',0,'경상남도 김해시 분성로335번길 31-2','20','기와','51','일반목구조',42.14,42.14,0,NULL),(213,NULL,NULL,0,46.615,65.65,'',NULL,'기타지붕(그라스울판넬)','일반철골구조','제2종근린생활시설',0,46.615,65.65,1,5.74,71,35.23649409,'일반','일반건축물',128.8820911,'경상남도 김해시 서상동 4-4','4','0','0','주건축물','4000','제2종근린생활시설','10202','31','482505000000','1',NULL,'경상남도 김해시 분성로335번길 31-1','90','기타지붕','31','일반철골구조',46.615,46.615,0,NULL),(214,0,0,0,73.55,0,'',0,'스레이트/슬라브','블록조','근린생활시설',0,88.4,0,2,0,0,35.23639487,'일반','일반건축물',128.882101,'경상남도 김해시 서상동 5-5','5','0','0','주건축물','4000','제2종근린생활시설','10202','31','482505000000','0',0,'경상남도 김해시 분성로335번길 31','30','슬레이트','12','블록구조',88.4,88.4,0,NULL),(215,NULL,NULL,0,134.96,68.51,'',0,'슬라브','철근콘크리트조','근린생활시설/단독주택',0,383.4,194.62,3,0,197,35.23629596,'일반','일반건축물',128.8820669,'경상남도 김해시 서상동 6-1','6','1','0','주건축물','3000','제1종근린생활시설','10202','29','482505000000','1',0,'경상남도 김해시 분성로335번길 29-1','10','(철근)콘크리트','21','철근콘크리트구조',383.4,383.4,1,4),(216,0,0,0,41.98,37.48,'',0,'스라브','철근콘크리트','단독주택',0,62.81,56.08,2,0,112,35.23639559,'일반','일반건축물',128.8820021,'경상남도 김해시 서상동 6-3','6','3','0','주건축물','1000','단독주택','10202','31','482505000000','2',0,'경상남도 김해시 분성로335번길 31-2','10','(철근)콘크리트','21','철근콘크리트구조',62.81,62.81,1,4),(217,0,0,0,201,59.47,'',0,'슬라브','철근콘크리트조','일반숙박시설/근린생활시설',0,578.76,171.23,3,0,338,35.23637853,'일반','일반건축물',128.8818701,'경상남도 김해시 서상동 6-6','6','6','0','주건축물','15000','숙박시설','10201','108','482503000000','19',0,'경상남도 김해시 가락로 108-19','10','(철근)콘크리트','21','철근콘크리트구조',578.76,578.76,0,NULL),(218,0,0,0,18,0,'',0,'기와','목조','단독주택',0,18,0,1,0,0,35.23625306,'일반','일반건축물',128.8817698,'경상남도 김해시 서상동 6-7','6','7','0','주건축물','1000','단독주택','10201','108','482503000000','17',0,'경상남도 김해시 가락로 108-17','20','기와','51','일반목구조',18,18,0,NULL),(219,0,0,0,115.41,0,'',0,'슬라브','블럭조','단독주택/점포',0,115.41,0,1,0,0,35.2364957,'일반','일반건축물',128.8818714,'경상남도 김해시 서상동 6-9','6','9','0','주건축물','1000','단독주택','10202','23','482505000000','0',0,'경상남도 김해시 호계로517번길 23','10','(철근)콘크리트','12','블록구조',140.11,115.41,1,1),(220,0,0,0,134.02,0,'',0,'스레이트/경량철골/슬라브','경량철골조/블럭조','제2종근린생활시설',0,134.02,0,1,0,0,35.23637063,'일반','일반건축물',128.8817162,'경상남도 김해시 서상동 7-7','7','0','0','주건축물','4000','제2종근린생활시설','10202','23','482505000000','1',0,'경상남도 김해시 호계로517번길 23-1','30','슬레이트','32','경량철골구조',134.02,134.02,1,1),(221,NULL,NULL,0,104.56,52.81,'',0,'슬라브/샌드위치판넬','조적조/경량철골조','단독주택',0,146.36,73.92,2,5.1,198,35.17772784,'일반','일반건축물',128.8537444,'경상남도 김해시 수가동 32-4','32','4','0','주건축물','1000','단독주택','13403','64','482505000000','0',0,'경상남도 김해시 수가로360번길 64','10','(철근)콘크리트','19','기타조적구조',146.36,146.36,1,1),(222,NULL,NULL,NULL,40.32,NULL,'',NULL,'판넬/강판','경량철골조','창고(단독주택)',0,40.32,NULL,1,0,0,35.1747726,'일반','일반건축물',128.8649663,'경상남도 김해시 수가동 116-3','116','3','0','주건축물','1000','단독주택','13406','540','482503000000','14',NULL,'경상남도 김해시 수가로 540-14','90','기타지붕','32','경량철골구조',40.32,40.32,1,1),(223,72.04,1,NULL,208.68,31.86,'',NULL,'슬라브','조적구조','농가주택/축사',0,190.15,29.03,1,4.9,655,35.17420108,'일반','일반건축물',128.8642137,'경상남도 김해시 수가동 118-2','118','2','0','주건축물','1000','단독주택','13406','540','482503000000','37',NULL,'경상남도 김해시 수가로 540-37','10','(철근)콘크리트','11','벽돌구조',190.15,190.15,0,NULL),(225,0,NULL,NULL,NULL,NULL,'',NULL,'기와지붕','조적조','단독주택(1가구)',0,NULL,NULL,1,NULL,NULL,35.17437045,'일반','일반건축물',128.864479,'경상남도 김해시 수가동 118-3','118','3','0','주건축물','1000','단독주택','13406','540','482503000000','30',NULL,'경상남도 김해시 수가로 540-30','20','기와','19','기타조적구조',52.2,52.2,0,NULL),(227,NULL,NULL,NULL,76.29,0,'',NULL,'기와/스레이트','블럭조','주택',0,76.29,0,1,0,0,35.17394517,'일반','일반건축물',128.864705,'경상남도 김해시 수가동 167-167','167','0','0','주건축물','1000','단독주택','13406','540','482503000000','29',NULL,'경상남도 김해시 수가로 540-29','20','기와','12','블록구조',76.29,76.29,1,4),(228,32.25,1,0,94.73,24.86,'',0,'스레이트/샌드위치판넬','조적조/목조','단독주택',0,94.73,24.86,1,3,381,35.17425852,'일반','일반건축물',128.8650047,'경상남도 김해시 수가동 171-171','171','0','0','주건축물','1000','단독주택','13406','540','482503000000','23',0,'경상남도 김해시 수가로 540-23','30','슬레이트','19','기타조적구조',94.73,94.73,1,4),(229,0,NULL,NULL,153.85,0,'',NULL,'스레트','블록구조','돈사',0,153.85,0,1,0,0,35.17441214,'일반','일반건축물',128.8649515,'경상남도 김해시 수가동 173-173','173','0','0','주건축물','21000','동물및식물관련시설','13406','540','482503000000','21',NULL,'경상남도 김해시 수가로 540-21','30','슬레이트','12','블록구조',153.85,153.85,1,4),(230,NULL,NULL,NULL,145.6,0,'',NULL,'스레이트/기와','블럭조','주택',0,145.6,0,1,0,0,35.17468027,'일반','일반건축물',128.8652727,'경상남도 김해시 수가동 176-3','176','3','0','주건축물','1000','단독주택','13406','540','482503000000','11',NULL,'경상남도 김해시 수가로 540-11','30','슬레이트','12','블록구조',145.6,145.6,0,NULL),(231,0,NULL,NULL,90,0,'',NULL,'슬라브/스레이트','블럭조','주택',0,90,0,1,0,0,35.18355196,'일반','일반건축물',128.8381376,'경상남도 김해시 신문동 5-5','5','0','0','주건축물','1000','단독주택','','','','',NULL,'','10','(철근)콘크리트','12','블록구조',90,90,1,1),(232,195,1,NULL,449,0,'',NULL,'스레트','블럭조','주택',0,449,0,1,0,0,35.18839441,'일반','일반건축물',128.8365624,'경상남도 김해시 신문동 41-2','41','2','0','주건축물','1000','단독주택','','','','',NULL,'','30','슬레이트','12','블록구조',449,449,0,NULL),(233,NULL,NULL,0,68.4,19.49,'',0,'샌드위치판넬','경량철골조','농가용창고',0,68.4,19.49,1,4,351,35.18728505,'일반','일반건축물',128.8222001,'경상남도 김해시 신문동 99-99','99','0','0','주건축물','18000','창고시설','12705','451','482503000000','8',0,'경상남도 김해시 장유로 451-8','90','기타지붕','32','경량철골구조',68.4,68.4,1,1),(234,0,NULL,NULL,491.93,33.23,'',NULL,'스레이트','조적조','단독주택/농수산물보관창고/축사',0,0,33.23,1,5.1,NULL,35.18677016,'일반','일반건축물',128.8223596,'경상남도 김해시 신문동 100-2','100','2','0','주건축물','1000','단독주택','12706','2','482503000000','0',NULL,'경상남도 김해시 칠산로 2','30','슬레이트','19','기타조적구조',491.93,491.93,0,NULL),(235,96.18,2,0,269.58,45.3,'',0,'샌드위치판넬','조적조','단독주택',0,248.73,41.8,1,4.5,595,35.18636924,'일반','일반건축물',128.8229924,'경상남도 김해시 신문동 100-32','100','32','0','주건축물','1000','단독주택','12705','465','482503000000','0',0,'경상남도 김해시 장유로 465','90','기타지붕','19','기타조적구조',249.18,249.18,0,NULL),(236,3,1,NULL,298.3,53.55,'',NULL,'슬라브','철근콘크리트조/조적조','단독주택/창고',0,268.62,48.23,1,3.4,557,35.19890738,'일반','일반건축물',128.8204066,'경상남도 김해시 신문동 198-198','198','0','0','주건축물','1000','단독주택','12702','39','482505000000','0',NULL,'경상남도 김해시 장유로329번길 39','10','(철근)콘크리트','21','철근콘크리트구조',268.62,268.62,0,NULL),(237,2,1,NULL,176.17,31.74,'',NULL,'슬라브','조적조','단독주택/창고',0,149.72,26.98,1,3.4,555,35.19890678,'일반','일반건축물',128.8204944,'경상남도 김해시 신문동 198-3','198','3','0','주건축물','1000','단독주택','12702','41','482505000000','0',NULL,'경상남도 김해시 장유로329번길 41','10','(철근)콘크리트','11','벽돌구조',149.72,149.72,0,NULL),(238,4.32,1,NULL,234.89,40.29,'',NULL,'슬라브','조적조','단독주택/창고',0,208.44,35.75,1,3.4,583,35.19909413,'일반','일반건축물',128.8207818,'경상남도 김해시 신문동 198-4','198','4','0','주건축물','1000','단독주택','12702','43','482505000000','1',NULL,'경상남도 김해시 장유로329번길 43-1','10','(철근)콘크리트','19','기타조적구조',208.44,208.44,0,NULL),(239,2,1,NULL,226.21,50.83,'',NULL,'슬라브','조적조','단독주택/창고',0,199.76,44.89,1,3.4,445,35.19894984,'일반','일반건축물',128.8207914,'경상남도 김해시 신문동 198-5','198','5','0','주건축물','1000','단독주택','12702','43','482505000000','0',NULL,'경상남도 김해시 장유로329번길 43','10','(철근)콘크리트','19','기타조적구조',199.76,199.76,1,4),(240,61.38,2,0,160.68,37.19,'',0,'슬라브','조적조','단독주택',0,153.48,35.53,1,4,432,35.19919163,'일반','일반건축물',128.8210244,'경상남도 김해시 신문동 199-199','199','0','0','주건축물','1000','단독주택','12702','45','482505000000','0',0,'경상남도 김해시 장유로329번길 45','10','(철근)콘크리트','19','기타조적구조',153.48,153.48,1,4),(241,0,0,0,43,0,'',0,'스레이트','토담','주택',0,43,0,1,0,0,35.24239757,'일반','일반건축물',128.9220284,'경상남도 김해시 안동 5-5','5','0','0','주건축물','1000','단독주택','','','','',0,'','30','슬레이트','19','기타조적구조',43,43,1,4),(242,46.8,1,0,219.9,0,'',0,'스레이트/기와','블록조/목조/석조','사찰',0,219.9,0,1,0,0,35.24146827,'일반','일반건축물',128.924501,'경상남도 김해시 안동 27-27','27','0','0','주건축물','6000','종교시설','12002','20','482505000000','122',0,'경상남도 김해시 삼안로112번길 20-122','30','슬레이트','12','블록구조',219.9,219.9,1,4),(243,NULL,NULL,NULL,139.41,42.37,'',NULL,'판넬','일반철골구조/경량철골구조','제2종근린생활시설/단독주택',0,219.16,66.61,2,8.73,329,35.24155343,'일반','일반건축물',128.9216123,'경상남도 김해시 안동 78-78','78','0','0','주건축물','4000','제2종근린생활시설','12002','20','482505000000','83',NULL,'경상남도 김해시 삼안로112번길 20-83','90','기타지붕','31','일반철골구조',219.16,219.16,1,4),(244,0,0,1,189.16,19.81,'전원유치원',0,'슬라브','철근콘크리트조/조적조','교육연구및복지시설',0,722.36,75.64,4,16.2,955,35.23991885,'일반','일반건축물',128.9184624,'경상남도 김해시 안동 88-88','88','0','0','주건축물','10000','교육연구시설','12002','20','482505000000','',0,'경상남도 김해시 삼안로112번길 20','10','(철근)콘크리트','21','철근콘크리트구조',1095.25,1095.25,0,NULL),(245,NULL,NULL,NULL,204.76,30.98,'',0,'슬라브','철근콘크리트조','유치원',0,742.21,112.29,4,12.8,661,35.23991885,'일반','일반건축물',128.9184624,'경상남도 김해시 안동 88-1','88','1','0','주건축물','10000','교육연구시설','12002','20','482505000000','0',0,'경상남도 김해시 삼안로112번길 20','10','(철근)콘크리트','21','철근콘크리트구조',742.21,742.21,1,1),(246,NULL,0,0,98.28,12.8,'',NULL,'스라브','철근콘크리트','제2종근린생활시설',0,98.28,12.8,1,4.5,768,35.24045471,'일반','일반건축물',128.9191167,'경상남도 김해시 안동 90-1','90','1','0','주건축물','4000','제2종근린생활시설','12002','20','482505000000','20',NULL,'경상남도 김해시 삼안로112번길 20-20','90','기타지붕','21','철근콘크리트구조',98.28,98.28,0,NULL),(247,NULL,NULL,0,126.66,19.95,'',0,'슬라브','철근콘크리트조/조적조','농가용단독주택',0,222.47,35.03,2,9.74,635,35.24023122,'일반','일반건축물',128.9188725,'경상남도 김해시 안동 90-2','90','2','0','주건축물','1000','단독주택','12002','20','482505000000','36',0,'경상남도 김해시 삼안로112번길 20-36','10','(철근)콘크리트','21','철근콘크리트구조',217.47,217.47,0,NULL),(248,NULL,NULL,NULL,187.97,57.84,'',NULL,'판넬','일반철골구조','단독주택/제2종근생',0,285.97,87.99,2,8.3,325,35.24025024,'일반','일반건축물',128.9199275,'경상남도 김해시 안동 91-2','91','2','0','주건축물','4000','제2종근린생활시설','12002','20','482505000000','38',NULL,'경상남도 김해시 삼안로112번길 20-38','90','기타지붕','31','일반철골구조',285.97,285.97,1,1),(249,NULL,NULL,0,88.02,19.6,'',NULL,'(철근)콘크리트','철근콘크리트구조','단독주택',NULL,158.9,35.39,2,7.5,449,35.24003844,'일반','일반건축물',128.9193318,'경상남도 김해시 안동 96-1','96','1','0','주건축물','1000','단독주택','12002','20','482505000000','34',NULL,'경상남도 김해시 삼안로112번길 20-34','10','(철근)콘크리트','21','철근콘크리트구조',158.9,182.31,1,1),(251,NULL,NULL,0,41.5,0,'',0,'스레이트/ 초가','목조','단독주택/ 창고시설',0,41.5,0,1,0,0,35.23720439,'일반','일반건축물',128.9090931,'경상남도 김해시 어방동 6-2','6','2','0','주건축물','1000','단독주택','','','','',0,'','30','슬레이트','51','일반목구조',41.5,41.5,0,NULL),(252,NULL,NULL,0,1511.16,0,'김해축산물공판장',0,'슬라브','철근콘크리트조','판매시설',5,3022.32,0,2,9.2,0,35.23728368,'일반','일반건축물',128.9081382,'경상남도 김해시 어방동 6-9','6','9','0','주건축물','7000','판매시설','11801','12','482505000000','',0,'경상남도 김해시 분성로569번길 12','10','(철근)콘크리트','21','철근콘크리트구조',3022.32,3022.32,0,NULL),(256,28.93,2,1,924.89,51.34,'',NULL,'슬라브','철근콘크리트조, 시멘트벽돌조','공장',0,1079.66,59.93,2,0,1801.5,35.24046674,'일반','일반건축물',128.9079869,'경상남도 김해시 어방동 8-16','8','16','0','주건축물','17000','공장','','','','',NULL,'','10','(철근)콘크리트','21','철근콘크리트구조',1103.42,1103.42,0,NULL),(257,0,NULL,NULL,32,4.84,'',NULL,'조립식판넬','블록구조','제2종근생',0,32,4.84,1,2.6,661,35.23695888,'일반','일반건축물',128.909376,'경상남도 김해시 어방동 19-200','19','200','0','주건축물','4000','제2종근린생활시설','','','','',NULL,'','90','기타지붕','12','블록구조',32,32,0,NULL),(258,0,NULL,NULL,216.6,0,'',NULL,'스레이트','블럭조','단독주택',0,216.6,0,1,0,0,35.23695888,'일반','일반건축물',128.909376,'경상남도 김해시 어방동 21-6','21','6','0','주건축물','1000','단독주택','','','','',NULL,'','30','슬레이트','12','블록구조',216.6,216.6,0,NULL),(259,0,NULL,1,629.48,59.53,'',NULL,'스라브','철근콘크리트구조','종교시설',0,NULL,160.99,4,19.1,NULL,35.23633714,'일반','일반건축물',128.9093471,'경상남도 김해시 어방동 29-100','29','100','0','주건축물','6000','종교시설','','','','',NULL,'','10','(철근)콘크리트','21','철근콘크리트구조',NULL,NULL,1,4),(260,0,NULL,NULL,1293,57.58,'',NULL,'철골위샌드위치판넬','철골조','창고',0,1341.4,59.73,2,0,2245.7,35.23167963,'일반','일반건축물',128.9089874,'경상남도 김해시 어방동 44-6','44','6','0','주건축물','3000','제1종근린생활시설','','','','',NULL,'','90','기타지붕','21','철근콘크리트구조',1341.4,1341.4,1,4),(261,0,0,0,328.12,0,'',0,'슬라브/스레이트','철근콘크리트조/조적조','근린생활시설/단독주택',0,526.05,0,2,0,0,35.22675781,'일반','일반건축물',128.8723184,'경상남도 김해시 외동 5-4','5','4','0','주건축물','4000','제2종근린생활시설','','','','',0,'','10','(철근)콘크리트','12','블록구조',526.05,526.05,1,4),(262,2,1,NULL,68,0,'',NULL,'조립식판넬','경량철골조','제1종근린생활시설',0,66,0,1,3,0,35.22675781,'일반','일반건축물',128.8723184,'경상남도 김해시 외동 5-5','5','5','0','주건축물','3000','제1종근린생활시설','','','','',NULL,'','90','기타지붕','32','경량철골구조',84.15,68,1,4),(263,NULL,0,1,488.21,58.05,'',NULL,'슬라브','철골철근콘크리트구조','제1,2종근린생활시설',0,860.18,102.28,2,13.2,841,35.22711116,'일반','일반건축물',128.8720696,'경상남도 김해시 외동 6-2','6','2','0','주건축물','3000','제1종근린생활시설','10901','269','482503000000','9',NULL,'경상남도 김해시 전하로 269-9','90','기타지붕','42','철골철근콘크리트구조',1297.83,1297.83,1,4),(264,0,0,0,140.53,NULL,'',0,'기와/스레이트/슬라브','블록조','사찰',1,140.53,NULL,1,0,NULL,35.22614217,'일반','일반건축물',128.8701917,'경상남도 김해시 외동 23-1','23','1','0','주건축물','4000','제2종근린생활시설','10901','269','482503000000','74',0,'경상남도 김해시 전하로 269-74','20','기와','12','블록구조',140.53,140.53,0,NULL),(265,NULL,NULL,1,41.56,19.96,'',0,'슬라브','철근콘크리트조','농가용주택',0,39.24,18.85,1,4.5,208.13,35.22737959,'일반','일반건축물',128.8710947,'경상남도 김해시 외동 43-43','43','0','0','주건축물','1000','단독주택','10901','50','482505000000','0',0,'경상남도 김해시 분성로194번길 50','10','(철근)콘크리트','21','철근콘크리트구조',99.18,99.18,1,1),(266,NULL,NULL,0,221.08,41.95,'',NULL,'(철근)콘크리트','철근콘크리트구조','제1종 근린생활시설, 제2종근린생활시설',1,299.94,56.91,2,8.7,527,35.22752246,'일반','일반건축물',128.871283,'경상남도 김해시 외동 44-44','44','0','0','주건축물','4000','제2종근린생활시설','10901','52','482505000000','0',NULL,'경상남도 김해시 분성로194번길 52','10','(철근)콘크리트','21','철근콘크리트구조',299.94,299.94,0,NULL),(267,NULL,0,0,168,22.37,'',0,'스라브','벽돌구조','제2종근린생활시설/단독주택',0,231.85,30.87,2,8.22,751,35.22724004,'일반','일반건축물',128.8716974,'경상남도 김해시 외동 45-1','45','1','0','주건축물','4000','제2종근린생활시설','10901','269','482503000000','13',0,'경상남도 김해시 전하로 269-13','10','(철근)콘크리트','11','벽돌구조',231.85,231.85,1,1),(268,0,0,0,112.21,56.96,'',0,'슬라브','시멘트벽돌조','제2종근린생활시설',0,112.21,56.96,1,4.5,197,35.22741991,'일반','일반건축물',128.8717543,'경상남도 김해시 외동 45-2','45','2','0','주건축물','4000','제2종근린생활시설','10901','269','482503000000','11',0,'경상남도 김해시 전하로 269-11','10','(철근)콘크리트','11','벽돌구조',112.21,112.21,0,NULL),(269,NULL,NULL,0,22.16,34.63,'',NULL,'샌드위치판넬','경량철골구조','제2종근린생활시설',0,22.16,34.63,1,4.7,64,35.22745548,'일반','일반건축물',128.8718206,'경상남도 김해시 외동 45-7','45','7','0','주건축물','4000','제2종근린생활시설','10901','269','482503000000','5',NULL,'경상남도 김해시 전하로 269-5','90','기타지붕','32','경량철골구조',22.16,22.16,0,NULL),(270,NULL,0,1,127.33,57.88,'',NULL,'경사슬라브','철근콘크리트조','근린생활시설/단독주택',0,340.75,154.89,3,12.51,220,35.22736416,'일반','일반건축물',128.8719844,'경상남도 김해시 외동 46-46','46','0','0','주건축물','4000','제2종근린생활시설','10901','269','482503000000','7',NULL,'경상남도 김해시 전하로 269-7','10','(철근)콘크리트','21','철근콘크리트구조',462.96,462.96,1,1),(271,206.775,1,0,2822.043,51.300545,'',NULL,'판넬','철근콘크리트구조/철골구조','공장',2,3003.063,54.591219,2,12.8,5501,35.22038375,'일반','일반건축물',128.815691,'경상남도 김해시 유하동 8-1','8','1','0','주건축물','17000','공장','12302','210','482503000000','',NULL,'경상남도 김해시 유하로 210','90','기타지붕','31','일반철골구조',2796.288,3003.063,1,1),(273,NULL,NULL,NULL,599.52,0,'모비코',NULL,'샌드위치판넬','일반철골구조','공장',2,1168.24,0,2,13.7,0,35.22018768,'일반','일반건축물',128.8153595,'경상남도 김해시 유하동 8-5','8','5','0','주건축물','17000','공장','12302','204','482503000000','3',NULL,'경상남도 김해시 유하로 204-3','90','기타지붕','31','일반철골구조',1168.24,1168.24,0,NULL),(276,203.4,5,1,449,33.67,'',NULL,'슬라브/샌드위치판넬/스레이트/판넬','철근콘크리트조/블럭조/철골조','공장',2,1977.27,42.03,2,0,4690,35.22018768,'일반','일반건축물',128.8153595,'경상남도 김해시 유하동 8-8','8','8','0','주건축물','17000','공장','12302','204','482503000000','3',NULL,'경상남도 김해시 유하로 204-3','10','(철근)콘크리트','21','철근콘크리트구조',2046.7,2046.7,0,NULL),(277,NULL,NULL,NULL,2940.62,53.1373,'유하동 8-21 공장 ((주)진광)',NULL,'프로폴난연판넬','일반철골구조','공장',4,2899.12,52.3874,1,12.65,5534,35.22107033,'일반','일반건축물',128.8154672,'경상남도 김해시 유하동 8-21','8','21','0','주건축물','17000','공장','12302','212','482503000000','',NULL,'경상남도 김해시 유하로 212','90','기타지붕','31','일반철골구조',2901.12,2901.12,0,NULL),(279,0,NULL,NULL,85.96,10.785445,'',NULL,'슬라브','블럭조','제2종근린생활시설',0,85.96,10.785445,1,0,797,35.22134359,'일반','일반건축물',128.8163816,'경상남도 김해시 유하동 10-7','10','7','0','주건축물','4000','제2종근린생활시설','12302','6','482505000000','16',NULL,'경상남도 김해시 유하로226번길 6-16','10','(철근)콘크리트','12','블록구조',85.96,85.96,1,4),(280,0,NULL,NULL,107.1,15.44,'',NULL,'슬라브','조적조','단독주택',0,99.75,14.38,1,0,693.6,35.22177156,'일반','일반건축물',128.817078,'경상남도 김해시 유하동 13-3','13','3','0','주건축물','1000','단독주택','12302','10','482505000000','0',NULL,'경상남도 김해시 유하로226번길 10','10','(철근)콘크리트','11','벽돌구조',99.75,99.75,1,4),(281,NULL,NULL,NULL,571.5,0,'',NULL,'스레이트/슬라브','철골조/블럭조','공장',0,571.5,0,1,0,0,35.17547188,'일반','일반건축물',128.8202365,'경상남도 김해시 율하동 56-1','56','1','0','주건축물','17000','공장','','','','',NULL,'','30','슬레이트','31','일반철골구조',571.5,571.5,1,4),(282,NULL,NULL,NULL,210.2,0,'',NULL,'스레이트/슬라브','블럭조','축사',1,210.2,0,1,0,0,35.17506995,'일반','일반건축물',128.8170268,'경상남도 김해시 율하동 72-3','72','3','0','주건축물','21000','동물및식물관련시설','','','','',NULL,'','30','슬레이트','12','블록구조',210.2,210.2,1,4),(283,62.48,1,0,676.59,0,'',0,'스레이트','블럭조','주택/공장',1,676.59,0,1,0,0,35.17499113,'일반','일반건축물',128.8166857,'경상남도 김해시 율하동 73-3','73','3','0','주건축물','17000','공장','','','','',0,'','30','슬레이트','12','블록구조',676.59,676.59,1,4),(284,NULL,NULL,NULL,47.3,10.09,'',NULL,'기와','블럭조','단독주택',0,47.3,10.09,1,0,469,35.17197517,'일반','일반건축물',128.8094209,'경상남도 김해시 율하동 177-177','177','0','0','주건축물','1000','단독주택','','','','',NULL,'','20','기와','12','블록구조',47.3,47.3,1,1),(285,NULL,NULL,NULL,66.12,0,'',NULL,'스레이트','목조/토담조','주택',0,66.12,0,1,0,0,35.17282193,'일반','일반건축물',128.8095062,'경상남도 김해시 율하동 193-193','193','0','0','주건축물','1000','단독주택','','','','',NULL,'','30','슬레이트','51','일반목구조',66.12,66.12,0,NULL),(286,0,NULL,NULL,59.85,0,'',NULL,'스레이트','블럭조','주택',0,59.85,0,1,0,0,35.1723797,'일반','일반건축물',128.806889,'경상남도 김해시 율하동 234-234','234','0','0','주건축물','1000','단독주택','','','','',NULL,'','30','슬레이트','12','블록구조',59.85,59.85,0,NULL),(287,10852.63,5,1,9229.89,17.91,'김해 외국어고등학교',NULL,'슬라브','철근콘크리트구조','교육연구시설',25,20755.98,40.27,5,23.98,51542,35.17213119,'일반','일반건축물',128.8049544,'경상남도 김해시 율하동 257-3','257','3','0','주건축물','10000','교육연구시설','13104','266','482503000000','',1,'경상남도 김해시 율하로 266','10','(철근)콘크리트','21','철근콘크리트구조',9976.35,20828.98,0,NULL),(291,66.68,2,NULL,283.87,0,'',NULL,'기와','블럭조','주택',0,283.87,0,1,0,0,35.17816084,'일반','일반건축물',128.8524205,'경상남도 김해시 응달동 26-2','26','2','0','주건축물','1000','단독주택','','','','',NULL,'','20','기와','12','블록구조',283.87,283.87,1,1),(292,39.55,1,NULL,108.41,0,'',NULL,'스레트','블럭조','주택',0,108.41,0,1,0,0,35.18033139,'일반','일반건축물',128.8319782,'경상남도 김해시 응달동 71-2','71','2','0','주건축물','1000','단독주택','','','','',NULL,'','30','슬레이트','12','블록구조',108.41,108.41,0,NULL),(293,0,NULL,NULL,62.7,0,'',NULL,'스레트','블럭조','주택',0,62.7,0,1,0,0,35.18033139,'일반','일반건축물',128.8319782,'경상남도 김해시 응달동 71-3','71','3','0','주건축물','1000','단독주택','','','','',NULL,'','30','슬레이트','12','블록구조',62.7,62.7,0,NULL),(294,62.48,2,NULL,676.59,0,'',NULL,'스레트','블럭조','공장',0,676.59,0,1,0,0,35.17793298,'일반','일반건축물',128.8320745,'경상남도 김해시 응달동 74-4','74','4','0','주건축물','17000','공장','','','','',NULL,'','30','슬레이트','12','블록구조',676.59,676.59,0,NULL),(295,NULL,NULL,0,118.03,52.95,'',NULL,'(철근)콘크리트','철근콘크리트구조','배수장',3,118.03,52.95,1,4.7,222.91,35.18258021,'일반','일반건축물',128.8391817,'경상남도 김해시 응달동 99-99','99','0','0','주건축물','3000','제1종근린생활시설','13302','8','482505000000','50',NULL,'경상남도 김해시 수가로287번길 8-50','10','(철근)콘크리트','21','철근콘크리트구조',118.03,118.03,0,NULL),(296,0,NULL,NULL,1919.69,0,'',NULL,'스라브','철근콘크리트조','교육시설',0,4388.9,0,3,0,0,35.18027096,'일반','일반건축물',128.8471726,'경상남도 김해시 응달동 132-132','132','0','0','주건축물','10000','교육연구시설','','','','',NULL,'','10','(철근)콘크리트','21','철근콘크리트구조',4388.9,4388.9,1,1),(297,NULL,NULL,0,114.07,0,'',0,'기와/스레이트','블럭조','주택',0,114.07,0,1,0,0,35.17820599,'일반','일반건축물',128.8382254,'경상남도 김해시 응달동 154-3','154','3','0','주건축물','1000','단독주택','13302','18','482505000000','1',0,'경상남도 김해시 수가로287번길 18-1','20','기와','12','블록구조',114.07,114.07,1,4),(298,NULL,NULL,0,104.57,40.85,'',NULL,'(철근)콘크리트','철근콘크리트구조','단독주택',0,99.69,38.94,1,5.65,256,35.17812419,'일반','일반건축물',128.8383234,'경상남도 김해시 응달동 154-4','154','4','0','주건축물','1000','단독주택','13302','18','482505000000','0',NULL,'경상남도 김해시 수가로287번길 18','10','(철근)콘크리트','21','철근콘크리트구조',99.69,99.69,1,4),(299,NULL,NULL,0,99.91,0,'',0,'기와/스레이트/슬라브','블럭조','주택',0,99.91,0,1,0,0,35.17813267,'일반','일반건축물',128.8384003,'경상남도 김해시 응달동 154-5','154','5','0','주건축물','1000','단독주택','13302','16','482505000000','',0,'경상남도 김해시 수가로287번길 16','20','기와','12','블록구조',999.1,999.1,1,4),(300,NULL,NULL,NULL,81.3,16.8,'',NULL,'(철근)콘크리트','철근콘크리트구조','단독주택',0,81.3,16.8,1,5.6,484,35.17821105,'일반','일반건축물',128.8387963,'경상남도 김해시 응달동 154-6','154','6','0','주건축물','1000','단독주택','13302','12','482505000000','',NULL,'경상남도 김해시 수가로287번길 12','10','(철근)콘크리트','21','철근콘크리트구조',81.3,81.3,1,4),(301,NULL,NULL,NULL,92.1,18.2,'',NULL,'샌드위치판넬','경량철골조','단독주택',0,92.1,18.2,1,4,506,35.1857867,'일반','일반건축물',128.8549817,'경상남도 김해시 이동 2-11','2','11','0','주건축물','1000','단독주택','11301','156','482505000000','16',NULL,'경상남도 김해시 칠산로210번길 156-16','90','기타지붕','32','경량철골구조',92.1,92.1,1,4),(302,NULL,NULL,0,61.37,35.07,'',NULL,'기타지붕','경량철골구조','단독주택',0,86.77,49.58,2,5.9,175,35.18551622,'일반','일반건축물',128.8549899,'경상남도 김해시 이동 2-12','2','12','0','주건축물','1000','단독주택','11301','156','482505000000','14',NULL,'경상남도 김해시 칠산로210번길 156-14','90','기타지붕','32','경량철골구조',86.77,86.77,1,4),(303,NULL,NULL,NULL,87.6,21.52,'',NULL,'샌드위치판넬','경량철골조','단독주택',0,84.15,20.68,1,5.1,407,35.18510758,'일반','일반건축물',128.8541401,'경상남도 김해시 이동 2-15','2','15','0','주건축물','1000','단독주택','11301','138','482505000000','27',NULL,'경상남도 김해시 칠산로210번길 138-27','90','기타지붕','32','경량철골구조',84.15,84.15,1,4),(304,NULL,0,0,222,55.36,'',NULL,'샌드위치판넬','일반철골조','제1종근린생활시설',0,222,55.36,1,5.5,401,35.18490944,'일반','일반건축물',128.8541161,'경상남도 김해시 이동 2-56','2','56','0','주건축물','3000','제1종근린생활시설','11301','138','482505000000','25',NULL,'경상남도 김해시 칠산로210번길 138-25','90','기타지붕','31','일반철골구조',222,222,1,4),(305,NULL,NULL,NULL,141.48,16.04,'',NULL,'기타지붕(샌드위치판넬)','일반철골구조','제1종근린생활시설',0,141.48,16.04,1,6.5,882,35.18510967,'일반','일반건축물',128.8538437,'경상남도 김해시 이동 2-82','2','82','0','주건축물','3000','제1종근린생활시설','11301','138','482505000000','11',NULL,'경상남도 김해시 칠산로210번길 138-11','90','기타지붕','31','일반철골구조',141.48,141.48,1,4),(307,0,0,0,63.45,17.15,'',0,'슬라브','조적조','단독주택',0,63.45,17.15,1,4.5,370,35.18495559,'일반','일반건축물',128.8539629,'경상남도 김해시 이동 2-86','2','86','0','주건축물','1000','단독주택','11301','138','482505000000','23',0,'경상남도 김해시 칠산로210번길 138-23','10','(철근)콘크리트','11','벽돌구조',63.45,63.45,1,1),(309,NULL,NULL,0,50,33.78,'',NULL,'경사스라브','철근콘크리트구조','단독주택',0,50,33.78,1,4.2,148,35.18474913,'일반','일반건축물',128.8538399,'경상남도 김해시 이동 2-87','2','87','0','주건축물','1000','단독주택','11301','138','482505000000','17',NULL,'경상남도 김해시 칠산로210번길 138-17','10','(철근)콘크리트','21','철근콘크리트구조',50,50,0,NULL),(310,NULL,NULL,0,78.83,27.28,'',NULL,'(철근)콘크리트','철근콘크리트구조','단독주택',0,78.83,27.28,1,5,289,35.18551862,'일반','일반건축물',128.8546495,'경상남도 김해시 이동 2-93','2','93','0','주건축물','1000','단독주택','11301','156','482505000000','18',NULL,'경상남도 김해시 칠산로210번길 156-18','10','(철근)콘크리트','21','철근콘크리트구조',78.83,78.83,0,NULL),(311,0,NULL,NULL,246.76,16.37,'',NULL,'칼라시트강판/슬라브','조적조/철골조','주유소/사무소',0,239.76,15.91,1,5.9,1507,35.17517495,'일반','일반건축물',128.8280941,'경상남도 김해시 장유동 19-1','19','1','0','주건축물','19000','위험물저장및처리시설','13204','160','482503000000','',NULL,'경상남도 김해시 수가로 160','90','기타지붕','19','기타조적구조',239.76,239.76,1,1),(312,166,2,NULL,266,29.36,'',NULL,'샌드위치판넬','경량철골구조','단독주택',0,266,29.36,1,4,906,35.16765265,'일반','일반건축물',128.8340004,'경상남도 김해시 장유동 134-2','134','2','0','주건축물','1000','단독주택','13205','536','482503000000','35',NULL,'경상남도 김해시 율하로 536-35','90','기타지붕','32','경량철골구조',100,266,0,NULL),(315,0,NULL,NULL,112,11.31,'',NULL,'슬라브','조적조','농가창고',1,112,11.31,1,0,990,35.16750146,'일반','일반건축물',128.8337024,'경상남도 김해시 장유동 135-1','135','1','0','주건축물','1000','단독주택','13202','59','482505000000','53',NULL,'경상남도 김해시 수가로194번길 59-53','10','(철근)콘크리트','19','기타조적구조',112,112,0,NULL),(316,0,NULL,NULL,1352.88,0,'',NULL,'슬라브/스레이트','철근콘크리트조/철골조','목재상자제조',1,1352.88,0,1,0,0,35.1656796,'일반','일반건축물',128.8338485,'경상남도 김해시 장유동 150-1','150','1','0','주건축물','17000','공장','','','','',NULL,'','10','(철근)콘크리트','21','철근콘크리트구조',1352.88,1352.88,1,1),(317,NULL,NULL,0,128,19.39,'',NULL,'기타지붕(판넬)','벽돌구조','단독주택',0,126,19.09,1,5.8,660,35.16556122,'일반','일반건축물',128.8340229,'경상남도 김해시 장유동 175-175','175','0','0','주건축물','1000','단독주택','','0','','0',NULL,'','90','기타지붕','11','벽돌구조',126,126,0,NULL),(318,NULL,NULL,0,225,19.82,'',NULL,'기타지붕(판넬)','일반철골구조','창고',0,225,19.82,1,10.1,1135,35.1655419,'일반','일반건축물',128.8342093,'경상남도 김해시 장유동 175-5','175','5','0','주건축물','18000','창고시설','13202','59','482505000000','124',NULL,'경상남도 김해시 수가로194번길 59-124','90','기타지붕','31','일반철골구조',225,225,0,NULL),(319,0,0,0,1348.22,NULL,'',0,'판넬','일반철골구조','동물및식물관련시설',6,1348.22,NULL,1,9.6,NULL,35.16506123,'일반','일반건축물',128.8359388,'경상남도 김해시 장유동 177-3','177','3','0','주건축물','21000','동물및식물관련시설','13202','59','482505000000','145',0,'경상남도 김해시 수가로194번길 59-145','90','기타지붕','31','일반철골구조',1348.22,1348.22,0,NULL),(321,0,0,0,39.22,NULL,'',0,'기와/스레트','블록구조','주택',0,39.22,NULL,1,0,NULL,35.22690744,'일반','일반건축물',128.8740667,'경상남도 김해시 전하동 2-8','2','8','0','주건축물','1000','단독주택','','','','',0,'','20','기와','12','블록구조',0,39.22,0,NULL),(322,4.86,1,0,273.72,55.19,'',0,'샌드위치판넬, 스라브','경량철골조, 시멘트블럭조','근린생활시설',1,273.72,55.19,1,5,496,35.22691899,'일반','일반건축물',128.8737153,'경상남도 김해시 전하동 3-2','3','2','0','주건축물','4000','제2종근린생활시설','11504','260','482503000000','22',0,'경상남도 김해시 전하로 260-22','30','슬레이트','32','경량철골구조',273.72,273.72,0,NULL),(323,0,0,0,237.6,0,'',0,'슬레이트','블록구조','주택',0,237.6,0,1,0,0,35.22691939,'일반','일반건축물',128.8736604,'경상남도 김해시 전하동 3-3','3','3','0','주건축물','1000','단독주택','','','','',0,'','30','슬레이트','12','블록구조',237.6,237.6,1,1),(324,0,0,0,76.04,21.3,'',0,'스라브','조적조','주택',0,76.04,21.3,1,0,357,35.22683068,'일반','일반건축물',128.8734617,'경상남도 김해시 전하동 3-7','3','7','0','주건축물','1000','단독주택','11506','2250','482502000000','8',0,'경상남도 김해시 김해대로 2250-8','10','(철근)콘크리트','11','벽돌구조',76.34,76.34,0,NULL),(325,0,0,0,81.08,41.16,'',0,'스라브','조적조','주택',0,136.23,69.15,2,0,197,35.22678435,'일반','일반건축물',128.873637,'경상남도 김해시 전하동 3-8','3','8','0','주건축물','1000','단독주택','11506','2250','482502000000','6',0,'경상남도 김해시 김해대로 2250-6','10','(철근)콘크리트','11','벽돌구조',136.23,136.23,0,NULL),(326,NULL,NULL,0,493.76,29.96,'',NULL,'난연판넬','일반철골구조','제2종근린생활시설',0,493.76,29.96,1,8.45,1648,35.22663628,'일반','일반건축물',128.8729213,'경상남도 김해시 전하동 6-1','6','1','0','주건축물','4000','제2종근린생활시설','11504','258','482503000000','',NULL,'경상남도 김해시 전하로 258','90','기타지붕','31','일반철골구조',493.76,493.76,0,NULL),(327,NULL,NULL,0,445.05,69.76,'',NULL,'아스팔트싱글','일반철골구조','제2종근린생활시설',0,461.11,72.27,2,10.5,638,35.22676009,'일반','일반건축물',128.8732522,'경상남도 김해시 전하동 6-5','6','5','0','주건축물','4000','제2종근린생활시설','11504','260','482503000000','12',NULL,'경상남도 김해시 전하로 260-12','90','기타지붕','31','일반철골구조',461.11,461.11,0,NULL),(328,0,NULL,NULL,131.31,0,'',NULL,'스라브','철근콘크리트조','근린생활시설',0,389.43,0,3,0,0,35.22555532,'일반','일반건축물',128.8728218,'경상남도 김해시 전하동 7-3','7','3','0','주건축물','3000','제1종근린생활시설','','','','',NULL,'','10','(철근)콘크리트','21','철근콘크리트구조',389.45,389.45,1,5),(329,NULL,NULL,0,381.45,36.36,'',NULL,'기타지붕(일반철골조)','일반철골구조','제2종근린생활시설',0,732.95,69.87,2,8,1049,35.22608591,'일반','일반건축물',128.8729923,'경상남도 김해시 전하동 7-17','7','17','0','주건축물','4000','제2종근린생활시설','11504','252','482503000000','8',NULL,'경상남도 김해시 전하로 252-8','90','기타지붕','31','일반철골구조',732.95,732.95,1,5),(330,NULL,NULL,0,590.99,46.79,'',NULL,'슬라브','철근콘크리트구조','제1,2종근린생활시설/교육연구시설',0,1999.2,158.29,4,14.6,1263,35.22540177,'일반','일반건축물',128.8728641,'경상남도 김해시 전하동 8-3','8','3','0','주건축물','4000','제2종근린생활시설','11504','244','482503000000','0',NULL,'경상남도 김해시 전하로 244','10','(철근)콘크리트','21','철근콘크리트구조',1999.2,1999.2,1,5),(331,NULL,NULL,0,236.08,NULL,'',0,'샌드위치판넬','철골조','공장',0,236.08,NULL,1,9.2,NULL,35.2418321,'일반','일반건축물',128.8097421,'경상남도 김해시 주촌면 내삼리 117-2','117','2','0','주건축물','17000','공장','32001','164','482505000000','23',0,'경상남도 김해시 주촌면 서부로1541번길 164-23','90','기타지붕','21','철근콘크리트구조',236.08,236.08,1,1),(333,NULL,NULL,0,420,19.86,'',NULL,'기타지붕(일반철골구조/준불연판넬)','일반철골구조','제2종근린생활시설',0,420,19.86,1,12.1,2115,35.24249185,'일반','일반건축물',128.809485,'경상남도 김해시 주촌면 내삼리 119-119','119','0','0','주건축물','4000','제2종근린생활시설','32001','164','482505000000','26',NULL,'경상남도 김해시 주촌면 서부로1541번길 164-26','90','기타지붕','31','일반철골구조',420,420,0,NULL),(334,2.4,1,0,576.2,46.9,'',0,'칼라쉬트','경량철골조','공장',0,576.2,46.9,1,4.5,1228,35.24212694,'일반','일반건축물',128.8087892,'경상남도 김해시 주촌면 내삼리 137-137','137','0','0','주건축물','17000','공장','32001','164','482505000000','21',0,'경상남도 김해시 주촌면 서부로1541번길 164-21','90','기타지붕','32','경량철골구조',576.2,576.2,0,NULL),(335,0,0,0,0,0,'',0,'스레트','블록구조','퇴비사, 축사',0,0,0,1,0,0,35.24208643,'일반','일반건축물',128.8081075,'경상남도 김해시 주촌면 내삼리 139-139','139','0','0','주건축물','21000','동물및식물관련시설','','','','',0,'','30','슬레이트','12','블록구조',149.5,149.5,0,NULL),(336,0,0,0,67.1,0,'',0,'스레트','블록구조','주택, 축사',0,67.1,0,1,0,0,35.242247,'일반','일반건축물',128.8070104,'경상남도 김해시 주촌면 내삼리 143-1','143','1','0','주건축물','1000','단독주택','','','','',0,'','30','슬레이트','12','블록구조',67.1,67.1,0,NULL),(337,0,0,0,1147.38,19.22,'',0,'샌드위치판넬','철골조','공장',0,1374.28,23.02,2,13.7,5969,35.24257376,'일반','일반건축물',128.806673,'경상남도 김해시 주촌면 내삼리 144-144','144','0','0','주건축물','17000','공장','32001','218','482505000000','0',0,'경상남도 김해시 주촌면 서부로1541번길 218','90','기타지붕','21','철근콘크리트구조',1374.28,1374.28,0,NULL),(338,109.35,1,0,1999.35,NULL,'',0,'판넬','일반철골구조','동.식물관련시설',0,1999.35,NULL,1,12.4,43978,35.24356399,'일반','일반건축물',128.8055181,'경상남도 김해시 주촌면 내삼리 147-1','147','1','0','주건축물','21000','동물및식물관련시설','32001','222','482505000000','',0,'경상남도 김해시 주촌면 서부로1541번길 222','90','기타지붕','31','일반철골구조',1890,1999.35,0,NULL),(341,NULL,NULL,3,2825.7,17.27,'활천중학교',NULL,'슬라브','철근콘크리트구조','교육연구시설',NULL,9396.98,57.42,5,27.75,16364,35.2359031,'일반','일반건축물',128.9237895,'경상남도 김해시 지내동 15-15','15','0','0','주건축물','10000','교육연구시설','12101','40','482505000000','',NULL,'경상남도 김해시 분성로707번길 40','10','(철근)콘크리트','21','철근콘크리트구조',10050.93,11190.6,0,NULL),(342,NULL,NULL,0,109.07,0,'',0,'토기와/스레이트','일반목구조','종교시설',0,109.07,0,1,0,0,35.23259275,'일반','일반건축물',128.9240815,'경상남도 김해시 지내동 41-1','41','1','0','주건축물','4000','제2종근린생활시설','','','','',0,'','20','기와','51','일반목구조',0,109.07,0,NULL),(343,NULL,NULL,NULL,74.11,49.41,'',NULL,'슬라브','철근콘크리트조','제1종근린생활시설/단독주택',0,143.72,95.81,2,9.37,150,35.22911216,'일반','일반건축물',128.9242397,'경상남도 김해시 지내동 67-11','67','11','0','주건축물','1000','단독주택','12101','12','482505000000','15',NULL,'경상남도 김해시 김해대로2715번길 12-15','10','(철근)콘크리트','21','철근콘크리트구조',143.72,143.72,0,NULL),(344,0,0,0,60.5,32.7,'',0,'슬라브','조적조','단독주택',0,60.5,32.7,1,0,185,35.22922117,'일반','일반건축물',128.9253066,'경상남도 김해시 지내동 85-2','85','2','0','주건축물','1000','단독주택','12101','30','482505000000','1',0,'경상남도 김해시 김해대로2725번길 30-1','10','(철근)콘크리트','11','벽돌구조',60.5,60.5,0,NULL),(345,0,0,0,65.86,31.07,'',0,'슬라브','블록조','단독주택',0,65.86,31.07,1,0,212,35.22916634,'일반','일반건축물',128.9254048,'경상남도 김해시 지내동 85-4','85','4','0','주건축물','1000','단독주택','12101','30','482505000000','0',0,'경상남도 김해시 김해대로2725번길 30','10','(철근)콘크리트','12','블록구조',65.86,65.86,0,NULL),(346,0,0,0,34.6,27.46,'',0,'슬라브','조적조','단독주택',0,34.6,27.46,1,0,126,35.22910283,'일반','일반건축물',128.925459,'경상남도 김해시 지내동 86-2','86','2','0','주건축물','1000','단독주택','12101','28','482505000000','1',0,'경상남도 김해시 김해대로2725번길 28-1','10','(철근)콘크리트','11','벽돌구조',34.6,34.6,1,1),(347,21.6,1,0,81,0,'',0,'시멘트기와/슬라브','블럭조','단독주택',0,81,0,1,0,0,35.22909314,'일반','일반건축물',128.9255468,'경상남도 김해시 지내동 87-1','87','1','0','주건축물','1000','단독주택','12101','28','482505000000','0',0,'경상남도 김해시 김해대로2725번길 28','20','기와','12','블록구조',81,81,0,NULL),(348,6.98,1,0,99.82,24.05,'',0,'슬라브','블록조','단독주택',0,99.82,24.05,1,0,415,35.22893174,'일반','일반건축물',128.9254351,'경상남도 김해시 지내동 87-2','87','2','0','주건축물','1000','단독주택','12101','21','482505000000','1',0,'경상남도 김해시 김해대로2725번길 21-1','10','(철근)콘크리트','12','블록구조',99.82,99.82,0,NULL),(349,NULL,0,0,84.99,59.75,'',0,'슬라브','조적조','단독주택',0,153.66,108,2,7.3,142.25,35.22893874,'일반','일반건축물',128.9256988,'경상남도 김해시 지내동 87-10','87','10','0','주건축물','1000','단독주택','12101','26','482505000000','0',0,'경상남도 김해시 김해대로2725번길 26','10','(철근)콘크리트','11','벽돌구조',153.66,153.66,1,5),(350,0,0,0,73.44,59.51,'',0,'슬라브','조적조','단독주택',0,142.18,115.21,2,7.1,123.41,35.22886756,'일반','일반건축물',128.9255772,'경상남도 김해시 지내동 87-11','87','11','0','주건축물','1000','단독주택','12101','23','482505000000','0',0,'경상남도 김해시 김해대로2725번길 23','10','(철근)콘크리트','11','벽돌구조',142.18,142.18,1,5),(351,0,NULL,NULL,36.03,0,'',NULL,'스레이트','블럭조','주택',0,36.03,0,1,0,0,35.28820552,'일반','일반건축물',128.7773663,'경상남도 김해시 진례면 고모리 1-1','1','0','0','주건축물','1000','단독주택','33001','739','482503000000','0',NULL,'경상남도 김해시 진례면 고모로 739','30','슬레이트','19','기타조적구조',36.03,36.03,0,NULL),(352,NULL,NULL,NULL,0,0,'',NULL,'샌드위치판넬','일반철골조','공장',0,328.32,0,3,0,0,35.28905613,'일반','일반건축물',128.7782539,'경상남도 김해시 진례면 고모리 1-2','1','2','1','부속건축물','17000','공장','33001','750','482503000000','0',NULL,'경상남도 김해시 진례면 고모로 750','90','기타지붕','31','일반철골구조',328.32,328.32,0,NULL),(356,0,NULL,NULL,211.34,0,'',NULL,'스레이트','블럭조','주택',0,211.34,0,1,0,0,35.28820552,'일반','일반건축물',128.7773663,'경상남도 김해시 진례면 고모리 2-2','2','0','0','주건축물','1000','단독주택','33001','739','482503000000','0',NULL,'경상남도 김해시 진례면 고모로 739','30','슬레이트','12','블록구조',211.34,211.34,1,1),(358,0,NULL,NULL,34.71,0,'',NULL,'스레이트','블럭조','주택',0,34.71,0,1,0,0,35.28818381,'일반','일반건축물',128.7779377,'경상남도 김해시 진례면 고모리 3-3','3','0','0','주건축물','1000','단독주택','33001','730','482503000000','0',NULL,'경상남도 김해시 진례면 고모로 730','30','슬레이트','12','블록구조',34.71,34.71,1,5),(361,NULL,0,0,305.44,15.49,'',NULL,'슬라브','철근콘크리트구조','제2종근린생활시설/단독주택',1,429.66,21.79,2,9.45,1972,35.29462809,'일반','일반건축물',128.7625082,'경상남도 김해시 진영읍 내룡리 4-2','4','2','0','주건축물','4000','제2종근린생활시설','25001','16','482503000000','',NULL,'경상남도 김해시 진영읍 서부로 16','10','(철근)콘크리트','21','철근콘크리트구조',429.66,429.66,0,NULL),(362,0,0,NULL,63.6,0,'',NULL,'스레이트','조적조','소매점, 화장실',0,63.6,0,1,0,0,35.29429598,'일반','일반건축물',128.7608559,'경상남도 김해시 진영읍 내룡리 6-1','6','1','0','주건축물','3000','제1종근린생활시설','','','','',NULL,'','30','슬레이트','12','블록구조',63.6,63.6,0,NULL),(363,NULL,NULL,0,147.46,54.21,'',NULL,'기타지붕','일반철골구조','단독주택/제1종근린생활시설',1,239.11,87.91,2,10.2,272,35.29484559,'일반','일반건축물',128.760894,'경상남도 김해시 진영읍 내룡리 6-3','6','3','0','주건축물','3000','제1종근린생활시설','25001','17','482505000000','0',NULL,'경상남도 김해시 진영읍 진영로454번길 17','90','기타지붕','31','일반철골구조',239.11,239.11,0,NULL),(364,0,NULL,NULL,76.04,0,'',NULL,'스레이트','조적조','단독주택',0,76.04,0,1,0,0,35.29416917,'일반','일반건축물',128.7609536,'경상남도 김해시 진영읍 내룡리 8-1','8','1','0','주건축물','1000','단독주택','','','','',NULL,'','30','슬레이트','12','블록구조',76.04,76.04,0,NULL),(366,NULL,NULL,0,99.4,30.12,'',NULL,'기타지붕(징크판넬)','경량철골구조','제1종근린생활시설',0,99.4,30.12,1,5.4,330,35.29428918,'일반','일반건축물',128.760504,'경상남도 김해시 진영읍 내룡리 8-2','8','2','0','주건축물','3000','제1종근린생활시설','25001','19','482505000000','10',NULL,'경상남도 김해시 진영읍 진영로454번길 19-10','90','기타지붕','32','경량철골구조',99.4,99.4,0,NULL),(367,NULL,NULL,1,221.88,82.18,'',0,'슬라브','철근콘크리트조/조적조','단독주택',0,221.88,33.67,1,6.9,270,35.29438188,'일반','일반건축물',128.760098,'경상남도 김해시 진영읍 내룡리 8-4','8','4','0','주건축물','1000','단독주택','25001','27','482505000000','0',0,'경상남도 김해시 진영읍 진영로454번길 27','10','(철근)콘크리트','21','철근콘크리트구조',221.88,221.88,1,1),(368,NULL,NULL,NULL,144.98,51.59,'',NULL,'슬라브','철근콘크리트조/조적조','단독주택(5가구)',0,224.28,79.81,2,6.9,281,35.29443465,'일반','일반건축물',128.7603074,'경상남도 김해시 진영읍 내룡리 8-8','8','8','0','주건축물','1000','단독주택','25001','25','482505000000','0',0,'경상남도 김해시 진영읍 진영로454번길 25','10','(철근)콘크리트','21','철근콘크리트구조',224.28,224.28,1,1),(369,0,NULL,NULL,122.53,59.19,'',NULL,'슬라브','조적조','단독주택',0,113.38,54.77,2,7.4,207,35.29432607,'일반','일반건축물',128.7603724,'경상남도 김해시 진영읍 내룡리 8-9','8','9','0','주건축물','1000','단독주택','25001','27','482505000000','3',NULL,'경상남도 김해시 진영읍 진영로454번길 27-3','10','(철근)콘크리트','11','벽돌구조',113.38,113.38,1,5),(370,0,NULL,NULL,77.73,35.01,'',NULL,'슬라브','조적조','단독주택',0,113.94,51.32,2,7.4,222,35.29424606,'일반','일반건축물',128.7601957,'경상남도 김해시 진영읍 내룡리 8-10','8','10','0','주건축물','1000','단독주택','25001','27','482505000000','5',NULL,'경상남도 김해시 진영읍 진영로454번길 27-5','10','(철근)콘크리트','11','벽돌구조',113.94,113.94,1,5),(371,NULL,NULL,0,164.08,0,'',NULL,'샌드위치판넬','철골조','제1종근린생활시설',0,187.78,0,2,8.5,0,35.22408283,'일반','일반건축물',128.8492323,'경상남도 김해시 풍유동 4-13','4','13','0','주건축물','3000','제1종근린생활시설','11104','1076','482502000000','0',NULL,'경상남도 김해시 금관대로 1076','90','기타지붕','31','일반철골구조',187.78,187.78,0,NULL),(373,148.66,1,NULL,147.07,18.55,'',NULL,'칼라강판/슬라브','철골조/철근콘크리트조','위험물저장및처리시설',0,213.66,26.94,1,6.45,793,35.22430309,'일반','일반건축물',128.8486744,'경상남도 김해시 풍유동 5-1','5','1','0','주건축물','19000','위험물저장및처리시설','11104','1079','482502000000','',NULL,'경상남도 김해시 금관대로 1079','90','기타지붕','41','철골콘크리트구조',213.66,213.66,0,NULL),(375,19.83,1,0,0,0,'',0,'기와, 스레이트','블록조','단독주택',0,59.5,0,1,0,0,35.21910378,'일반','일반건축물',128.8535411,'경상남도 김해시 풍유동 9-1','9','1','0','주건축물','1000','단독주택','','','','',0,'','20','기와','12','블록구조',59.5,59.5,1,1),(376,NULL,NULL,0,237.26,56.22,'에스스케어',NULL,'(철근)콘크리트','철근콘크리트구조','창고시설',0,924.87,219.16,4,13.5,422,35.22301209,'일반','일반건축물',128.8489575,'경상남도 김해시 풍유동 29-5','29','5','0','주건축물','18000','창고시설','11104','1064','482502000000','0',1,'경상남도 김해시 금관대로 1064','10','(철근)콘크리트','21','철근콘크리트구조',924.87,924.87,0,NULL),(377,NULL,NULL,1,4992.09,37.32,'김해중앙교회',NULL,'판넬','철근콘크리트구조','종교시설, 노유자시설',3,13184.34,98.56,5,44.4,13377,35.22334858,'일반','일반건축물',128.8498178,'경상남도 김해시 풍유동 31-31','31','0','0','주건축물','6000','종교시설','11102','7','482503000000','',5,'경상남도 김해시 흥동로 7','90','기타지붕','42','철골철근콘크리트구조',19289.44,19289.44,0,NULL),(378,0,0,0,40.9,0,'',0,'스레이트','블럭조','단독주택',0,40.9,0,1,0,0,35.22393028,'일반','일반건축물',128.8504171,'경상남도 김해시 풍유동 34-3','34','3','0','주건축물','1000','단독주택','11102','16','482505000000','0',0,'경상남도 김해시 금관대로1084번길 16','30','슬레이트','12','블록구조',40.9,40.9,0,NULL),(379,0,0,0,294.4,59.72,'',0,'슬라브','철근콘크리트조','가공지제조업',0,588.8,119.43,2,0,493,35.22332983,'일반','일반건축물',128.8512017,'경상남도 김해시 풍유동 35-1','35','1','0','주건축물','4000','제2종근린생활시설','11102','26','482505000000','',0,'경상남도 김해시 금관대로1084번길 26','10','(철근)콘크리트','21','철근콘크리트구조',588.8,588.8,1,1),(380,NULL,NULL,0,77.99,54.92,'',NULL,'(철근)콘크리트','철근콘크리트구조','단독주택',0,263.97,185.89,4,14.6,142,35.22382119,'일반','일반건축물',128.8505478,'경상남도 김해시 풍유동 35-2','35','2','0','주건축물','1000','단독주택','11102','18','482505000000','0',NULL,'경상남도 김해시 금관대로1084번길 18','10','(철근)콘크리트','21','철근콘크리트구조',291.26,291.26,1,5),(381,NULL,NULL,0,360,54.71,'',NULL,'기타지붕(칼라강판)','일반철골구조','동.식물관련시설',0,360,54.71,1,7.1,658,35.33588806,'일반','일반건축물',128.7662843,'경상남도 김해시 한림면 가동리 23-4','23','4','0','주건축물','21000','동물및식물관련시설','34002','835','482503000000','0',NULL,'경상남도 김해시 한림면 한림로 835','90','기타지붕','31','일반철골구조',360,360,0,NULL),(382,NULL,NULL,0,187.58,35.04,'',NULL,'기타지붕(준불연판넬)','경량철골구조','창고시설',0,187.58,35.04,1,7.85,535.3,35.33739419,'일반','일반건축물',128.7675746,'경상남도 김해시 한림면 가동리 24-2','24','2','0','주건축물','18000','창고시설','34002','829','482503000000','',NULL,'경상남도 김해시 한림면 한림로 829','90','기타지붕','31','일반철골구조',187.58,187.58,1,1),(383,NULL,NULL,0,1251,36.85,'',NULL,'판넬','일반철골구조','동물및식물관련시설',0,1251,36.85,1,7.6,3394.5,35.33478248,'일반','일반건축물',128.7672088,'경상남도 김해시 한림면 가동리 24-11','24','11','0','주건축물','21000','동물및식물관련시설','34002','859','482503000000','37',NULL,'경상남도 김해시 한림면 한림로 859-37','90','기타지붕','31','일반철골구조',1251,1251,0,NULL),(384,357.93,1,0,969.39,28.84,'',NULL,'기타지붕','일반철골구조','공장',0,897.9,26.71,2,9.9,3361.4,35.33443354,'일반','일반건축물',128.7682175,'경상남도 김해시 한림면 가동리 25-15','25','15','0','주건축물','17000','공장','34002','859','482503000000','57',NULL,'경상남도 김해시 한림면 한림로 859-57','90','기타지붕','31','일반철골구조',539.97,897.9,1,5),(386,NULL,NULL,NULL,151.34,25.31,'',NULL,'슬라브','철근콘크리트','단독주택',0,99.45,16.63,2,8,598,35.33342124,'일반','일반건축물',128.7686479,'경상남도 김해시 한림면 가동리 37-3','37','3','0','주건축물','1000','단독주택','34002','859','482503000000','91',NULL,'경상남도 김해시 한림면 한림로 859-91','10','(철근)콘크리트','21','철근콘크리트구조',99.45,99.45,1,5),(387,NULL,NULL,0,118.8,3.826,'',NULL,'(철근)콘크리트','철근콘크리트구조','제1종근린생활시설',0,118.8,3.826,1,9.8,3105.1,35.32798194,'일반','일반건축물',128.7720831,'경상남도 김해시 한림면 가동리 56-1','56','1','0','주건축물','3000','제1종근린생활시설','34002','157','482503000000','96',NULL,'경상남도 김해시 한림면 장방로 157-96','10','(철근)콘크리트','21','철근콘크리트구조',118.8,118.8,1,5),(388,230.4,1,0,1545.2,36.79,'',NULL,'그라스울판넬','일반철골구조','공장',0,1660.4,39.53,1,12.25,4200,35.33725312,'일반','일반건축물',128.7656592,'경상남도 김해시 한림면 가동리 59-1','59','1','0','주건축물','17000','공장','34002','838','482503000000','',NULL,'경상남도 김해시 한림면 한림로 838','90','기타지붕','31','일반철골구조',1430,1660.4,0,NULL),(390,264,1,0,1332,39.15,'',NULL,'그라스울패널','일반철골조','공장',0,1464,43.03,1,12.57,3402,35.33692732,'일반','일반건축물',128.7658651,'경상남도 김해시 한림면 가동리 60-2','60','2','0','주건축물','17000','공장','34002','840','482503000000','0',NULL,'경상남도 김해시 한림면 한림로 840','90','기타지붕','31','일반철골구조',1200,1464,0,NULL),(391,6.82,1,0,81.17,0,'',0,'스레이트','목조','단독주택',0,81.17,0,1,0,0,35.18437163,'일반','일반건축물',128.8763662,'경상남도 김해시 화목동 1-1','1','1','0','주건축물','1000','단독주택','','','','',0,'','30','슬레이트','51','일반목구조',81.17,81.17,1,1),(392,NULL,NULL,0,198,NULL,'',NULL,'샌드위치판넬','일반철골구조','제2종근린생활시설',0,198,NULL,1,14.36,NULL,35.18423555,'일반','일반건축물',128.8764855,'경상남도 김해시 화목동 1-237','1','237','0','주건축물','4000','제2종근린생활시설','11401','263','482503000000','45',NULL,'경상남도 김해시 화목로 263-45','90','기타지붕','31','일반철골구조',198,198,1,5),(393,NULL,NULL,NULL,30.3,58.27,'',NULL,'기타지붕','경량철골구조','단독주택',0,30.3,58.27,1,4.42,52,35.18726473,'일반','일반건축물',128.8751785,'경상남도 김해시 화목동 1-252','1','252','0','주건축물','1000','단독주택','11401','219','482503000000','63',NULL,'경상남도 김해시 화목로 219-63','90','기타지붕','32','경량철골구조',30.3,30.3,0,NULL),(394,28.8,1,0,155.78,17.74,'',NULL,'슬라브','철근콘크리트구조','단독주택',0,156.3,17.8,2,6.54,878,35.18697712,'일반','일반건축물',128.8763063,'경상남도 김해시 화목동 1-295','1','295','0','주건축물','1000','단독주택','11401','219','482503000000','64',NULL,'경상남도 김해시 화목로 219-64','10','(철근)콘크리트','21','철근콘크리트구조',127.5,156.3,0,NULL),(396,37.4,1,NULL,122.05,0,'',NULL,'토기와, 스레이트','블록조','단독주택',0,122.05,0,1,0,0,35.18460192,'일반','일반건축물',128.87941,'경상남도 김해시 화목동 2-37','2','37','0','주건축물','1000','단독주택','11401','263','482503000000','81',NULL,'경상남도 김해시 화목로 263-81','20','기와','12','블록구조',122.05,122.05,1,5),(397,NULL,NULL,1,98.28,18.78,'',0,'슬라브/스레이트','철근콘크리트조/조적조','단독주택',0,98.28,18.78,1,5.3,523,35.18583133,'일반','일반건축물',128.8739553,'경상남도 김해시 화목동 3-13','3','13','0','주건축물','1000','단독주택','11401','219','482503000000','40',0,'경상남도 김해시 화목로 219-40','10','(철근)콘크리트','21','철근콘크리트구조',196.56,196.56,0,NULL),(398,124.2,2,NULL,219.78,33.61,'',NULL,'슬라브/샌드위치판넬','철근콘크리트조/경량철골조','단독주택',0,219.78,33.61,1,9.05,654,35.18423521,'일반','일반건축물',128.8752887,'경상남도 김해시 화목동 3-17','3','17','0','주건축물','1000','단독주택','11401','263','482503000000','41',NULL,'경상남도 김해시 화목로 263-41','10','(철근)콘크리트','21','철근콘크리트구조',219.78,219.78,0,NULL),(399,0,NULL,NULL,141.28,50.3,'',NULL,'스레이트','조적조','단독주택',0,141.28,50.3,1,0,281,35.1842583,'일반','일반건축물',128.87956,'경상남도 김해시 화목동 5-3','5','3','0','주건축물','1000','단독주택','11401','263','482503000000','77',NULL,'경상남도 김해시 화목로 263-77','30','슬레이트','11','벽돌구조',141.28,141.28,0,NULL),(400,192.89,3,NULL,339.83,0,'',NULL,'토기와/스레이트/시멘트기와/함석','블록조/목조','단독주택',0,339.83,0,1,0,0,35.18116193,'일반','일반건축물',128.8801853,'경상남도 김해시 화목동 6-144','6','144','0','주건축물','1000','단독주택','11401','287','482503000000','68',NULL,'경상남도 김해시 화목로 287-68','30','슬레이트','12','블록구조',339.83,339.83,1,5),(401,0,0,0,14.5,0,'',0,'스레트','목조','창고',0,14.5,0,1,0,0,35.22371482,'일반','일반건축물',128.8705502,'경상남도 김해시 흥동 1-1','1','0','0','주건축물','18000','창고시설','','','','',0,'','30','슬레이트','51','일반목구조',14.5,14.5,0,NULL),(402,3.6,1,0,203.6,22.83,'',0,'슬라브/스레이트','철근콘크리트조/조적조','제2종근린생활시설',0,203.6,22.83,1,0,892,35.22371482,'일반','일반건축물',128.8705502,'경상남도 김해시 흥동 2-1','2','1','0','주건축물','4000','제2종근린생활시설','','','','',0,'','10','(철근)콘크리트','21','철근콘크리트구조',203.6,203.6,1,1),(403,0,0,0,53.89,54.4,'',0,'기와','블록조','단독주택',0,53.89,54.4,1,0,99,35.22371482,'일반','일반건축물',128.8705502,'경상남도 김해시 흥동 2-2','2','2','0','주건축물','1000','단독주택','','','','',0,'','20','기와','12','블록구조',53.89,53.89,0,NULL),(404,0,0,0,95.49,0,'',0,'기와/슬라브','블록조','단독주택',0,95.49,0,1,0,0,35.22371482,'일반','일반건축물',128.8705502,'경상남도 김해시 흥동 2-5','2','5','0','주건축물','1000','단독주택','','','','',0,'','10','(철근)콘크리트','12','블록구조',95.49,95.49,1,5),(405,0,0,0,50.28,0,'',0,'기와','블록조','단독주택',0,50.28,0,1,0,0,35.22371482,'일반','일반건축물',128.8705502,'경상남도 김해시 흥동 3-3','3','0','0','주건축물','1000','단독주택','','','','',0,'','20','기와','12','블록구조',50.28,50.28,0,NULL),(406,19.83,1,0,39.33,14.2,'',0,'기와/스레이트','목조','단독주택',0,39.33,14.2,1,0,277,35.22371482,'일반','일반건축물',128.8705502,'경상남도 김해시 흥동 3-1','3','1','0','주건축물','1000','단독주택','','','','',0,'','20','기와','51','일반목구조',39.33,39.33,1,5),(407,0,0,0,47.55,28.8,'',0,'스레이트','블록조','단독주택',0,47.55,28.8,1,0,165,35.22403487,'일반','일반건축물',128.8711688,'경상남도 김해시 흥동 4-4','4','0','0','주건축물','1000','단독주택','','','','',0,'','30','슬레이트','12','블록구조',47.55,47.55,0,NULL),(408,NULL,NULL,1,87.12,59.63,'',NULL,'(철근)콘크리트','철근콘크리트구조','단독주택(7가구), 제2종근린생활시설',0,289.87,198.4,4,14.35,146.1,35.22403494,'일반','일반건축물',128.8711578,'경상남도 김해시 흥동 4-1','4','1','0','주건축물','1000','단독주택','11002','40','482505000000','0',NULL,'경상남도 김해시 흥동로171번길 40','10','(철근)콘크리트','21','철근콘크리트구조',397.61,397.61,1,1),(409,NULL,NULL,0,115.57,59.42,'',NULL,'(철근)콘크리트','철근콘크리트구조','제1종근린생활시설, 단독주택(7가구)',0,371.76,191.14,4,15.1,194.5,35.22414239,'일반','일반건축물',128.8712578,'경상남도 김해시 흥동 4-2','4','2','0','주건축물','1000','단독주택','11002','42','482505000000','0',NULL,'경상남도 김해시 흥동로171번길 42','10','(철근)콘크리트','21','철근콘크리트구조',371.76,371.76,1,1),(410,NULL,NULL,0,86.66,59.89,'',NULL,'경사지붕','철근콘크리트구조','단독주택(6가구), 제2종근린생활시설',0,264.28,182.64,4,14.1,144.7,35.22424984,'일반','일반건축물',128.8713578,'경상남도 김해시 흥동 4-3','4','3','0','주건축물','1000','단독주택','11002','44','482505000000','0',NULL,'경상남도 김해시 흥동로171번길 44','10','(철근)콘크리트','21','철근콘크리트구조',264.28,264.28,1,5),(411,NULL,NULL,0,80,NULL,'중경식객',NULL,NULL,NULL,NULL,NULL,NULL,NULL,1,NULL,100,35.1561232070267,NULL,NULL,129.059969323941,'부산 부산진구 부전동 168-151',NULL,NULL,NULL,NULL,NULL,NULL,NULL,NULL,NULL,NULL,NULL,NULL,NULL,NULL,NULL,NULL,NULL,NULL,1,1),(412,NULL,NULL,0,111.56,NULL,'이디야커피 부산서면1번가점',NULL,NULL,NULL,NULL,NULL,NULL,NULL,2,NULL,151,35.1564115725633,NULL,NULL,129.0582449246918,'부산 부산진구 부전동 256-7',NULL,NULL,NULL,NULL,NULL,NULL,NULL,NULL,NULL,NULL,NULL,NULL,NULL,NULL,NULL,NULL,NULL,NULL,1,1),(413,NULL,NULL,0,145.8,NULL,'올리브영 서면 타운',NULL,NULL,NULL,NULL,NULL,NULL,NULL,2,NULL,151.53,35.1556477502781,NULL,NULL,129.05941087126007,'부산 부산진구 부전동 165-3',NULL,NULL,NULL,NULL,NULL,NULL,NULL,NULL,NULL,NULL,NULL,NULL,NULL,NULL,NULL,NULL,NULL,NULL,1,1),(414,NULL,NULL,1,10785,NULL,'롯데마트 부산점',NULL,NULL,NULL,NULL,NULL,NULL,NULL,8,NULL,14790,35.163278330324,NULL,NULL,129.049310231678,'부산 부산진구 부암동 257',NULL,NULL,NULL,NULL,NULL,NULL,NULL,NULL,NULL,NULL,NULL,NULL,NULL,NULL,NULL,NULL,NULL,NULL,1,1),(415,NULL,NULL,0,709.48,NULL,'KB국민은행 부산상수도본부점',NULL,NULL,NULL,NULL,NULL,NULL,NULL,7,NULL,784.51,35.1754254964355,NULL,NULL,129.072534298179,'부산 부산진구 양정동 273-20',NULL,NULL,NULL,NULL,NULL,NULL,NULL,NULL,NULL,NULL,NULL,NULL,NULL,NULL,NULL,NULL,NULL,NULL,1,1),(416,NULL,NULL,1,8015.9,NULL,'부산광역시립 시민도서관',NULL,NULL,NULL,NULL,NULL,NULL,NULL,4,NULL,10381,35.18341197399029,NULL,NULL,129.05020627051627,'부산 부산진구 초읍동 산52-1',NULL,NULL,NULL,NULL,NULL,NULL,NULL,NULL,NULL,NULL,NULL,NULL,NULL,NULL,NULL,NULL,NULL,NULL,0,NULL),(417,NULL,NULL,0,1422,NULL,'ZARA 서면점',NULL,NULL,NULL,NULL,NULL,NULL,NULL,3,NULL,1422,35.1555570038935,NULL,NULL,129.061071190686,'부산 부산진구 부전동 168-448',NULL,NULL,NULL,NULL,NULL,'제2종근린생활시설',NULL,NULL,NULL,NULL,NULL,NULL,NULL,NULL,NULL,'(철근)콘크리트',NULL,NULL,1,1),(418,NULL,NULL,4,2920,NULL,'연제구청',NULL,NULL,NULL,NULL,NULL,NULL,NULL,13,NULL,5962,35.1760401554935,NULL,NULL,129.079651454987,'부산 연제구 연산동 1555',NULL,NULL,NULL,NULL,NULL,'제1종근린생활시설',NULL,NULL,NULL,NULL,NULL,NULL,NULL,NULL,NULL,'철근콘크리트',NULL,NULL,0,NULL),(419,NULL,NULL,0,753.2,NULL,'당감동우체국',NULL,NULL,NULL,NULL,NULL,NULL,NULL,3,NULL,854,35.1661956307822,NULL,NULL,129.039223319498,'부산 부산진구 당감동 305-13',NULL,NULL,NULL,NULL,NULL,'제1근린생활시설',NULL,NULL,NULL,NULL,NULL,NULL,NULL,NULL,NULL,'철근콘크리트',NULL,NULL,1,1),(420,NULL,NULL,1,1054.23,NULL,'다이소 당감점',NULL,NULL,NULL,NULL,NULL,NULL,NULL,3,NULL,1578,35.1657745051366,NULL,NULL,129.04197806716,'부산 부산진구 당감동 888-8',NULL,NULL,NULL,NULL,NULL,'제2근린생활시설',NULL,NULL,NULL,NULL,NULL,NULL,NULL,NULL,NULL,'(철근)콘크리트',NULL,NULL,1,1),(425,NULL,NULL,2,789.01,NULL,'인수타워',NULL,NULL,NULL,NULL,NULL,NULL,NULL,10,NULL,1234.56,35.12345,NULL,NULL,128.12345,'부산광역시 부전동 15-8',NULL,NULL,NULL,NULL,NULL,'업무시설',NULL,NULL,NULL,NULL,NULL,NULL,NULL,NULL,NULL,'철근콘크리트구조',NULL,NULL,0,NULL),(426,NULL,NULL,0,753.2,NULL,'당감동우체국',NULL,NULL,NULL,NULL,NULL,NULL,NULL,3,NULL,854,35.1661956307822,NULL,NULL,129.039223319498,'부산 부산진구 당감동 305-13',NULL,NULL,NULL,NULL,NULL,'제1근린생활시설',NULL,NULL,NULL,NULL,NULL,NULL,NULL,NULL,NULL,'(철근)콘크리트',NULL,NULL,1,1),(427,NULL,NULL,1,1054.23,NULL,'다이소 당감점',NULL,NULL,NULL,NULL,NULL,NULL,NULL,3,NULL,1578,35.1657745051366,NULL,NULL,129.04197806716,'부산 부산진구 당감동 888-8',NULL,NULL,NULL,NULL,NULL,'제2근린생활시설',NULL,NULL,NULL,NULL,NULL,NULL,NULL,NULL,NULL,'(철근)콘크리트',NULL,NULL,1,1),(429,NULL,NULL,0,753.2,NULL,'당감동우체국',NULL,NULL,NULL,NULL,NULL,NULL,NULL,3,NULL,854,35.1661956307822,NULL,NULL,129.039223319498,'부산 부산진구 당감동 305-13',NULL,NULL,NULL,NULL,NULL,'제1근린생활시설',NULL,NULL,NULL,NULL,NULL,NULL,NULL,NULL,NULL,'(철근)콘크리트',NULL,NULL,0,NULL),(430,NULL,NULL,1,1054.23,NULL,'다이소 당감점',NULL,NULL,NULL,NULL,NULL,NULL,NULL,3,NULL,1578,35.1657745051366,NULL,NULL,129.04197806716,'부산 부산진구 당감동 888-8',NULL,NULL,NULL,NULL,NULL,'제2근린생활시설',NULL,NULL,NULL,NULL,NULL,NULL,NULL,NULL,NULL,'(철근)콘크리트',NULL,NULL,0,NULL);
/*!40000 ALTER TABLE `building` ENABLE KEYS */;
UNLOCK TABLES;

--
-- Table structure for table `message`
--

DROP TABLE IF EXISTS `message`;
/*!40101 SET @saved_cs_client     = @@character_set_client */;
/*!50503 SET character_set_client = utf8mb4 */;
CREATE TABLE `message` (
  `message_id` bigint NOT NULL AUTO_INCREMENT,
  `read_flag` bit(1) NOT NULL,
  `sent_at` datetime(6) NOT NULL,
  `title` varchar(100) NOT NULL,
  `receiver_id` bigint DEFAULT NULL,
  `sender_id` bigint NOT NULL,
  `content` varchar(1000) NOT NULL,
  PRIMARY KEY (`message_id`),
  KEY `FKpvlpwg6nf6mluycoqdlp7h419` (`receiver_id`),
  KEY `FKrdx8hgntft2s9ulc5px1d9rcp` (`sender_id`),
  CONSTRAINT `FKpvlpwg6nf6mluycoqdlp7h419` FOREIGN KEY (`receiver_id`) REFERENCES `user_account` (`user_id`),
  CONSTRAINT `FKrdx8hgntft2s9ulc5px1d9rcp` FOREIGN KEY (`sender_id`) REFERENCES `user_account` (`user_id`)
) ENGINE=InnoDB AUTO_INCREMENT=24 DEFAULT CHARSET=utf8mb4 COLLATE=utf8mb4_0900_ai_ci;
/*!40101 SET character_set_client = @saved_cs_client */;

--
-- Dumping data for table `message`
--

LOCK TABLES `message` WRITE;
/*!40000 ALTER TABLE `message` DISABLE KEYS */;
INSERT INTO `message` VALUES (1,_binary '','2025-10-01 03:33:48.447294','테스트 메세지입니다.',NULL,3,'전체메세지입니다.'),(2,_binary '','2025-10-01 03:34:25.830811','조사원1에게 보내는 개인메세지입니다.',1,3,'테스트용 메세지입니다.'),(3,_binary '','2025-10-01 03:35:34.394475','이 메세지는 미리 읽어주세요.',1,3,'테스트용입니다.'),(4,_binary '\0','2025-10-01 03:36:20.387371','조사원2에게 보내는 개인메세지입니다.',4,3,'테스트용 메세지입니다.'),(5,_binary '\0','2025-10-01 03:36:49.671346','조사원3에게 보내는 메세지입니다.',5,3,'개인메세지입니다.'),(6,_binary '','2025-10-01 03:37:13.378580','두번째로 보내는 전체메세지입니다.',NULL,3,'테스트용입니다.'),(7,_binary '','2025-10-01 11:26:18.026867','전체메시지입니다.',NULL,3,'테스트 중입니다.'),(8,_binary '','2025-10-01 11:26:32.353535','조사원 1에게 보내는 테스트 메세지.',1,3,'개인메세지입니다.'),(9,_binary '','2025-10-01 12:18:59.611522','구동영상 녹화 중',NULL,3,'전체메세지입니다.'),(10,_binary '','2025-10-01 12:19:17.255733','조사원1에게 보내는 개인메세지',1,3,'개인메세지입니다.'),(11,_binary '\0','2025-10-03 07:38:55.343215','ㅇㅇ',1,3,'ㅇㅇ'),(12,_binary '\0','2025-10-03 07:39:17.727024','ㄹㄹ',1,3,'ㄹㄹ'),(13,_binary '\0','2025-10-03 07:40:18.453502','ㄹㄹ',1,3,'ㄹㄹ'),(14,_binary '\0','2025-10-03 07:40:25.227763','ㄹㄹ',NULL,3,'ㄹㄹ'),(15,_binary '\0','2025-10-03 07:40:33.745173','ㄹㄹ',NULL,3,'ㄹㄹ'),(16,_binary '\0','2025-10-03 07:40:42.653547','ㄹㄹ',NULL,3,'ㄹㄹ'),(17,_binary '\0','2025-10-03 08:11:56.690374','ㅎㅇㅎㅇ',1,3,'ㅎㅇㅎㅇ'),(18,_binary '\0','2025-10-03 08:17:09.846405','dd',1,3,'dd'),(19,_binary '\0','2025-10-09 02:26:30.241999','dd',1,3,'dd'),(20,_binary '\0','2025-10-09 04:17:49.165625','동상동 먼저 조사해주세요',1,3,'개인메세지입니다.'),(21,_binary '\0','2025-10-09 04:17:56.085261','전체메세지',NULL,3,'테스트'),(22,_binary '\0','2025-10-09 04:18:48.022402','전체메세지 테스트',NULL,3,'중입니다'),(23,_binary '\0','2025-10-09 04:18:59.366244','조사원 1에게 보내는 개인메세지',1,3,'테스트');
/*!40000 ALTER TABLE `message` ENABLE KEYS */;
UNLOCK TABLES;

--
-- Table structure for table `report`
--

DROP TABLE IF EXISTS `report`;
/*!40101 SET @saved_cs_client     = @@character_set_client */;
/*!50503 SET character_set_client = utf8mb4 */;
CREATE TABLE `report` (
  `id` bigint NOT NULL AUTO_INCREMENT,
  `approved_at` datetime(6) NOT NULL,
  `created_at` datetime(6) NOT NULL,
  `pdf_path` varchar(255) NOT NULL,
  `approved_by` bigint NOT NULL,
  `assignment_id` bigint DEFAULT NULL,
  `survey_result_id` bigint NOT NULL,
  PRIMARY KEY (`id`),
  KEY `FKt96wrst6qvkd3wh5s2t78mu5j` (`approved_by`),
  KEY `FK7gds9kreu2o4hl257go7uekd6` (`assignment_id`),
  KEY `FKgdvvqrlvxletm83cxdukf0xls` (`survey_result_id`),
  CONSTRAINT `FK7gds9kreu2o4hl257go7uekd6` FOREIGN KEY (`assignment_id`) REFERENCES `user_building_assignment` (`id`),
  CONSTRAINT `FKgdvvqrlvxletm83cxdukf0xls` FOREIGN KEY (`survey_result_id`) REFERENCES `survey_result` (`id`),
  CONSTRAINT `FKt96wrst6qvkd3wh5s2t78mu5j` FOREIGN KEY (`approved_by`) REFERENCES `user_account` (`user_id`)
) ENGINE=InnoDB AUTO_INCREMENT=44 DEFAULT CHARSET=utf8mb4 COLLATE=utf8mb4_0900_ai_ci;
/*!40101 SET character_set_client = @saved_cs_client */;

--
-- Dumping data for table `report`
--

LOCK TABLES `report` WRITE;
/*!40000 ALTER TABLE `report` DISABLE KEYS */;
INSERT INTO `report` VALUES (1,'2025-10-01 02:20:26.093134','2025-10-01 02:20:26.094134','report-8.pdf',2,NULL,8),(2,'2025-10-01 03:37:41.070545','2025-10-01 03:37:41.070545','report-5.pdf',2,NULL,5),(3,'2025-10-01 03:37:47.512377','2025-10-01 03:37:47.512377','report-6.pdf',2,NULL,6),(4,'2025-10-01 03:37:53.007386','2025-10-01 03:37:53.008387','report-10.pdf',2,NULL,10),(5,'2025-10-01 03:37:57.468800','2025-10-01 03:37:57.468800','report-12.pdf',2,NULL,12),(6,'2025-10-01 03:38:00.632563','2025-10-01 03:38:00.632563','report-13.pdf',2,NULL,13),(7,'2025-10-01 03:38:04.621364','2025-10-01 03:38:04.621364','report-15.pdf',2,NULL,15),(8,'2025-10-01 03:38:07.775944','2025-10-01 03:38:07.775944','report-16.pdf',2,NULL,16),(9,'2025-10-01 03:38:14.183445','2025-10-01 03:38:14.183445','report-17.pdf',2,NULL,17),(10,'2025-10-01 03:38:18.325025','2025-10-01 03:38:18.325025','report-14.pdf',2,NULL,14),(11,'2025-10-01 03:38:23.786888','2025-10-01 03:38:23.786888','report-20.pdf',2,NULL,20),(12,'2025-10-01 03:38:47.094224','2025-10-01 03:38:47.094224','report-34.pdf',2,NULL,34),(13,'2025-10-01 03:38:51.320401','2025-10-01 03:38:51.320401','report-37.pdf',2,NULL,37),(14,'2025-10-01 03:39:28.381550','2025-10-01 03:39:28.382530','report-38.pdf',2,NULL,38),(15,'2025-10-01 03:39:37.847186','2025-10-01 03:39:37.848189','report-40.pdf',2,NULL,40),(16,'2025-10-01 03:39:51.865101','2025-10-01 03:39:51.865101','report-31.pdf',2,NULL,31),(17,'2025-10-01 03:39:55.928422','2025-10-01 03:39:55.929402','report-35.pdf',2,NULL,35),(18,'2025-10-01 03:39:59.460133','2025-10-01 03:39:59.461135','report-33.pdf',2,NULL,33),(19,'2025-10-01 03:40:02.860830','2025-10-01 03:40:02.860830','report-29.pdf',2,NULL,29),(20,'2025-10-01 03:41:59.759593','2025-10-01 03:41:59.759593','report-28.pdf',2,NULL,28),(21,'2025-10-01 03:42:03.346896','2025-10-01 03:42:03.347899','report-36.pdf',2,NULL,36),(22,'2025-10-01 03:42:07.170779','2025-10-01 03:42:07.170779','report-41.pdf',2,NULL,41),(23,'2025-10-01 03:42:10.309468','2025-10-01 03:42:10.310450','report-43.pdf',2,NULL,43),(24,'2025-10-01 03:42:17.960352','2025-10-01 03:42:17.960352','report-9.pdf',2,NULL,9),(25,'2025-10-01 03:42:22.887889','2025-10-01 03:42:22.887889','report-11.pdf',2,NULL,11),(26,'2025-10-01 03:42:27.865441','2025-10-01 03:42:27.866421','report-24.pdf',2,NULL,24),(27,'2025-10-01 03:42:32.578615','2025-10-01 03:42:32.578615','report-45.pdf',2,NULL,45),(28,'2025-10-01 03:42:36.208596','2025-10-01 03:42:36.208596','report-42.pdf',2,NULL,42),(29,'2025-10-01 03:42:39.684680','2025-10-01 03:42:39.684680','report-32.pdf',2,NULL,32),(30,'2025-10-01 05:38:52.178975','2025-10-01 05:38:52.179976','report-52.pdf',2,NULL,52),(31,'2025-10-01 05:38:56.434812','2025-10-01 05:38:56.434812','report-44.pdf',2,NULL,44),(32,'2025-10-01 05:39:01.020360','2025-10-01 05:39:01.020360','report-25.pdf',2,NULL,25),(33,'2025-10-01 05:39:04.655805','2025-10-01 05:39:04.656786','report-23.pdf',2,NULL,23),(34,'2025-10-01 06:39:05.923476','2025-10-01 06:39:05.927473','report-72.pdf',2,NULL,72),(35,'2025-10-01 06:40:09.401739','2025-10-01 06:40:09.402740','report-67.pdf',2,NULL,67),(36,'2025-10-01 06:41:03.055918','2025-10-01 06:41:03.055918','report-55.pdf',2,NULL,55),(37,'2025-10-01 11:13:36.480439','2025-10-01 11:13:36.483438','report-60.pdf',2,NULL,60),(38,'2025-10-01 11:14:48.322237','2025-10-01 11:14:48.322237','report-58.pdf',2,NULL,58),(39,'2025-10-01 11:14:59.806310','2025-10-01 11:14:59.807324','report-54.pdf',2,NULL,54),(40,'2025-10-02 05:16:05.229575','2025-10-02 05:16:05.237145','report-84.pdf',2,NULL,84),(41,'2025-10-09 03:29:10.321272','2025-10-09 03:29:10.321272','report-82.pdf',2,NULL,82),(42,'2025-10-09 03:29:17.518391','2025-10-09 03:29:17.519397','report-77.pdf',2,NULL,77),(43,'2025-10-09 04:24:33.844024','2025-10-09 04:24:33.844024','report-85.pdf',2,NULL,85);
/*!40000 ALTER TABLE `report` ENABLE KEYS */;
UNLOCK TABLES;

--
-- Table structure for table `survey_result`
--

DROP TABLE IF EXISTS `survey_result`;
/*!40101 SET @saved_cs_client     = @@character_set_client */;
/*!50503 SET character_set_client = utf8mb4 */;
CREATE TABLE `survey_result` (
  `id` bigint NOT NULL AUTO_INCREMENT,
  `admin_use` int DEFAULT NULL,
  `ceiling` int DEFAULT NULL,
  `created_at` datetime(6) NOT NULL,
  `entrance` int DEFAULT NULL,
  `ext_edit_photo` varchar(255) DEFAULT NULL,
  `ext_etc` varchar(500) DEFAULT NULL,
  `ext_photo` varchar(255) DEFAULT NULL,
  `floor` int DEFAULT NULL,
  `idle_rate` int DEFAULT NULL,
  `int_edit_photo` varchar(255) DEFAULT NULL,
  `int_etc` varchar(500) DEFAULT NULL,
  `int_photo` varchar(255) DEFAULT NULL,
  `parking` int DEFAULT NULL,
  `possible` int DEFAULT NULL,
  `roof` int DEFAULT NULL,
  `safety` int DEFAULT NULL,
  `status` varchar(255) DEFAULT NULL,
  `updated_at` datetime(6) DEFAULT NULL,
  `wall` int DEFAULT NULL,
  `window_state` int DEFAULT NULL,
  `approver_id` bigint DEFAULT NULL,
  `building_id` bigint NOT NULL,
  `user_id` bigint NOT NULL,
  PRIMARY KEY (`id`),
  KEY `fk_sr_approver_user` (`approver_id`),
  KEY `FK4pkadyhjyaqegw4yefb80a39k` (`building_id`),
  KEY `FKgnoopj77mxyv8cdf06vt38rec` (`user_id`),
  CONSTRAINT `FK4pkadyhjyaqegw4yefb80a39k` FOREIGN KEY (`building_id`) REFERENCES `building` (`id`),
  CONSTRAINT `fk_sr_approver_user` FOREIGN KEY (`approver_id`) REFERENCES `user_account` (`user_id`),
  CONSTRAINT `FKgnoopj77mxyv8cdf06vt38rec` FOREIGN KEY (`user_id`) REFERENCES `user_account` (`user_id`)
) ENGINE=InnoDB AUTO_INCREMENT=86 DEFAULT CHARSET=utf8mb4 COLLATE=utf8mb4_0900_ai_ci;
/*!40101 SET character_set_client = @saved_cs_client */;

--
-- Dumping data for table `survey_result`
--

LOCK TABLES `survey_result` WRITE;
/*!40000 ALTER TABLE `survey_result` DISABLE KEYS */;
INSERT INTO `survey_result` VALUES (1,0,0,'2025-10-01 02:07:07.022911',0,NULL,'',NULL,0,0,NULL,'',NULL,0,2,0,0,'SENT','2025-10-01 12:00:42.159893',0,0,NULL,65,1),(2,2,0,'2025-10-01 02:07:19.027745',0,NULL,'',NULL,0,2,NULL,'',NULL,1,1,2,2,'TEMP','2025-10-01 12:21:59.897718',2,2,NULL,162,1),(3,2,1,'2025-10-01 02:08:50.219922',1,NULL,'',NULL,1,2,NULL,'2025년 리모델링',NULL,1,1,2,1,'SENT','2025-10-01 12:24:25.682258',2,2,NULL,219,1),(4,0,0,'2025-10-01 02:10:36.378603',0,NULL,'',NULL,0,0,NULL,'',NULL,0,2,0,0,'REJECTED','2025-10-01 02:52:27.768306',0,0,NULL,267,1),(5,1,2,'2025-10-01 02:14:22.953547',1,'/upload/ext-edit/c901a330-9ba9-4941-8b64-b1fa83927ac8.jpg','ccc','/upload/ext/39996bc8-9c58-49d8-b9cc-0b3cddf7c82d.jpg',2,3,'/upload/int-edit/ad928988-27b5-4659-8602-009ac7cd801f.jpg','2','/upload/int/aee07d5a-a801-4d31-9839-8fac9981a4cb.jpg',1,1,1,4,'APPROVED','2025-10-01 03:37:37.902617',3,1,NULL,66,1),(6,2,2,'2025-10-01 02:15:20.686827',1,'/upload/ext-edit/eed1f1c4-8e7f-4215-b88a-685803b5e421.jpg','3','/upload/ext/52600e5e-4748-454c-9e61-db5523c8a4aa.jpg',2,3,'/upload/int-edit/0b3ab838-d851-488f-bc11-bb17ed6c8be1.jpg','3333','/upload/int/5528695f-3536-433e-bccd-ee3e7668eba2.jpg',1,1,1,4,'APPROVED','2025-10-01 03:37:45.991963',2,1,NULL,67,1),(7,2,0,'2025-10-01 02:15:40.106248',0,NULL,'3333',NULL,0,4,NULL,'',NULL,1,1,1,2,'TEMP','2025-10-01 11:44:42.267109',2,1,NULL,68,1),(8,1,1,'2025-10-01 02:16:05.393371',1,'/upload/ext-edit/f1a7f6a2-3f8f-49c9-8bc8-59ba6c9ecb2d.jpg','주차 2대 가능','/upload/ext/b7143548-369f-4bdd-bdde-cd340145f978.jpg',2,2,'/upload/int-edit/6f62d7a5-127c-4bc7-a7ec-26b57b19d611.jpg','바닥 갈라짐','/upload/int/1c3d6316-aac3-4591-94bd-f0ecba208e63.jpg',1,1,2,2,'APPROVED','2025-10-01 02:20:24.190977',2,1,NULL,151,1),(9,1,2,'2025-10-01 02:16:46.293462',1,'/upload/ext-edit/f812101d-3876-472d-b9b8-611c57b1f1bc.jpg','mdjdk','/upload/ext/b39b9dac-4fa1-4946-b03f-3e82a92415c7.jpg',1,2,'/upload/int-edit/f9a7ee54-fa09-437c-9188-b6d60dbc4af6.jpg','dfdffa','/upload/int/f139399c-e4a2-4eff-b1f4-abde816f63da.jpg',1,1,1,2,'APPROVED','2025-10-01 03:42:16.459478',2,1,NULL,2,4),(10,1,3,'2025-10-01 02:17:22.914646',3,'/upload/ext-edit/c3fb0f46-d5e9-40f0-9bc7-99a2c7112ccc.jpg','3434','/upload/ext/72a5fb53-35d6-452c-9b29-5bd41d8d0744.jpg',1,3,'/upload/int-edit/b346535e-937b-4043-95f9-9b0bf6e4eb48.jpg','1231','/upload/int/2b18cfc6-d136-484a-ba88-2e6693f665ec.jpg',2,1,2,3,'APPROVED','2025-10-01 03:37:51.942658',3,1,NULL,77,1),(11,1,2,'2025-10-01 02:18:55.973585',1,'/upload/ext-edit/c90c101e-b5bf-4f10-96a5-56dc6f3ff01a.jpg','asdf','/upload/ext/af420a2d-14c2-4c38-9b61-90a4b7a2d795.jpg',1,1,'/upload/int-edit/c0494b1a-97e2-4369-a1e8-94e7617507a3.jpg','kkkk','/upload/int/54ac7bb3-bc49-40df-98b7-af2c944202c0.jpg',1,1,2,2,'APPROVED','2025-10-01 03:42:21.916344',3,1,NULL,4,4),(12,2,3,'2025-10-01 02:18:56.512175',3,'/upload/ext-edit/96df1672-88f0-4f0c-a649-8b96b035c517.jpg','외벽 페인트 벗겨짐','/upload/ext/d1bf2987-5c50-46fa-8210-42c4c5688cee.jpg',3,4,'/upload/int-edit/566b3d63-185f-460c-84e3-b9c3de022952.jpg','내부 관리 안 되어있음','/upload/int/ef0d4784-7b44-44a1-b27c-876e655a8ab1.jpg',2,1,2,3,'APPROVED','2025-10-01 03:37:56.525716',2,1,NULL,189,1),(13,2,2,'2025-10-01 02:19:01.932292',1,'/upload/ext-edit/b3d057de-b3c2-4b8b-99e1-fac74acb6d8b.jpg','34','/upload/ext/5c61c496-804c-4c8a-9bc8-4d8c90d51e8f.jpg',1,4,'/upload/int-edit/f1f6a01f-e641-499a-80a4-20a8c0a1da2a.jpg','334','/upload/int/3f17b7db-ab79-4169-9b93-e5f42f5480d4.jpg',2,1,3,3,'APPROVED','2025-10-01 03:37:59.627882',3,1,NULL,78,1),(14,3,2,'2025-10-01 02:20:25.685086',2,'/upload/ext-edit/42fb8244-a1fb-4a8d-b8eb-de4902abaeb4.jpg','3414','/upload/ext/4f4f0b2c-b9ba-469b-ad8f-2e5b37744583.jpg',2,2,'/upload/int-edit/1fa70d69-b768-4e09-944e-159160bbff5a.jpg','314','/upload/int/cca2cc65-0ae9-4bcf-9001-dea2b350eac0.jpg',1,1,2,1,'APPROVED','2025-10-01 03:38:17.314166',1,1,NULL,79,1),(15,2,1,'2025-10-01 02:20:31.432225',1,'/upload/ext-edit/882ff997-0a03-41c3-83e1-37b6578ba832.jpg','dd1','/upload/ext/6b044b30-8a73-4f6d-ad83-352c62aa1a93.jpg',2,2,'/upload/int-edit/e3f96cc0-724b-4300-8216-6b38d68977f3.jpg','dd2','/upload/int/bd225e54-3f61-4cc7-9c6a-1d2a75799b87.jpg',2,1,1,3,'APPROVED','2025-10-01 03:38:03.643980',1,2,NULL,5,4),(16,1,2,'2025-10-01 02:21:32.494715',1,'/upload/ext-edit/d722039e-754d-4533-af16-3ecfd4131d17.jpg','1','/upload/ext/cfe8e3d4-04e2-422d-9a88-235f6bb57f89.jpg',2,2,'/upload/int-edit/48acff48-ecca-4db8-895e-7d5598213962.jpg','1','/upload/int/61c6ac3e-1569-4722-ab59-1a6a8f2b282a.jpg',1,1,2,1,'APPROVED','2025-10-01 03:38:06.745109',3,2,NULL,99,1),(17,2,1,'2025-10-01 02:22:09.970774',2,'/upload/ext-edit/f3a9aacd-f136-4a85-a7b7-7355441bbfdb.jpg','dd3','/upload/ext/5b96872c-63f3-4370-9dd2-c1a2318055d8.jpg',1,3,'/upload/int-edit/3b47a8a7-dbe8-4b94-b3d0-0ab01c6c2457.jpg','dd4','/upload/int/820a1369-b37f-4f8b-8b3f-811fc5672153.jpg',1,1,1,3,'APPROVED','2025-10-01 03:38:12.668651',2,2,NULL,23,4),(18,2,3,'2025-10-01 02:22:16.580540',2,'/upload/ext-edit/69acf426-608c-4da0-86f2-f01033ba533f.jpg','123','/upload/ext/43d2d9ba-8abe-4822-b2bf-954e51dbd66f.jpg',3,1,'/upload/int-edit/a399ba9e-0d3c-454c-9e25-918456600ec1.jpg','13','/upload/int/e06a63c6-e853-4f5f-8b96-7f4b4befdb8e.jpg',1,1,2,2,'REJECTED','2025-10-01 03:00:56.526201',3,2,NULL,100,1),(19,2,1,'2025-10-01 02:23:53.592720',2,'/upload/ext-edit/6796d764-549c-41b6-83e8-678e33a1dfa2.jpg','dd5','/upload/ext/0a276fc4-ccc8-4831-910a-34a1303457de.jpg',2,3,'/upload/int-edit/4e7b8b29-1672-479e-9651-a534d058718f.jpg','dd6','/upload/int/8e6a3e20-a5eb-4a87-8486-1618a8300267.jpg',2,1,1,3,'REJECTED','2025-10-01 02:58:36.652936',2,1,NULL,24,4),(20,2,1,'2025-10-01 02:25:22.640360',1,'/upload/ext-edit/46149a0e-ef12-4c48-929f-a279be17003a.jpg','dd7','/upload/ext/16467460-98ee-46c1-bdcd-ad99692015a4.jpg',3,2,'/upload/int-edit/0bbb1a21-0d20-4028-a988-2d85420a3d05.jpg','dd8','/upload/int/96be2f54-c722-4626-99e5-02d172cb8eb6.jpg',1,1,1,1,'APPROVED','2025-10-01 03:38:22.779299',2,2,NULL,42,4),(21,2,1,'2025-10-01 02:27:40.849982',2,'/upload/ext-edit/08f89885-835a-473e-981a-f4b581c3be1d.jpg','dd9','/upload/ext/61f9f8d3-55df-43f7-bb4e-7fba46e01caa.jpg',2,2,'/upload/int-edit/7b479a47-c573-4375-98ac-20179bcb0d59.jpg','dd10','/upload/int/d950340e-7259-4fd1-aaff-424789e9dfc1.jpg',1,1,3,2,'REJECTED','2025-10-01 03:08:25.235621',2,2,NULL,40,4),(22,1,2,'2025-10-01 02:29:42.978636',1,'/upload/ext-edit/45c64262-9071-42c4-9278-dcb264982bc5.jpg','dd11','/upload/ext/496e303e-8fce-4d9f-a33a-7d808c5a0a3d.jpg',2,2,'/upload/int-edit/84240c5c-aa34-48b8-8536-f3cec7502f72.jpg','dd12','/upload/int/e24f6d4a-090a-4229-841e-a4951eda222c.jpg',1,1,1,1,'REJECTED','2025-10-01 03:43:10.005670',2,1,NULL,57,4),(23,1,2,'2025-10-01 02:31:20.007582',2,'/upload/ext-edit/7660f1b5-e34e-440f-b410-2a288e093265.jpg','주차 3대 가능합니다','/upload/ext/cf9571d9-d585-4afd-b096-5fdd89ada1b9.jpg',2,2,'/upload/int-edit/e2ec48a6-5ba4-45c9-9a1c-5d6b507d96d3.jpg','','/upload/int/e78f9a86-2ec7-44c4-8ea7-1fbe5443c149.jpg',1,1,2,2,'APPROVED','2025-10-01 05:39:03.604459',1,1,NULL,121,1),(24,1,2,'2025-10-01 02:31:59.801249',1,'/upload/ext-edit/37929c69-0289-4602-bcdf-dc11e22ba4b4.jpg','dd13','/upload/ext/7d51a101-be5b-41a3-a983-4ccea5cabb52.jpg',2,2,'/upload/int-edit/7d8438f8-2347-4796-b96a-9ba0ce8a9ea5.jpg','dd14','/upload/int/04f92ff4-7a4c-4b14-bec6-69c07fe829df.jpg',1,1,1,3,'APPROVED','2025-10-01 03:42:26.876189',2,2,NULL,58,4),(25,2,2,'2025-10-01 02:35:31.354925',1,'/upload/ext-edit/31fc6c3e-6f4d-4200-b6c6-90368486f6ef.jpg','dd15','/upload/ext/d1693e1f-1fc2-416c-91af-8d48cd0ec190.jpg',2,1,'/upload/int-edit/3ce58089-eb03-49a8-be91-441ddf546e9e.jpg','dd16','/upload/int/bdc48795-a4e2-44f6-b411-c5117c1ba02f.jpg',1,1,2,1,'APPROVED','2025-10-01 05:39:00.008319',2,1,NULL,71,4),(26,2,2,'2025-10-01 02:37:07.779252',2,'/upload/ext-edit/d4117dfe-deeb-4576-a488-3b430912eff2.jpg','dd17','/upload/ext/7f876056-2d93-4d95-ade4-58276b1c9f9e.jpg',1,2,'/upload/int-edit/11602222-ddc5-4857-a608-fdd3b3ca3549.jpg','dd18','/upload/int/a32a132f-5912-47c4-9438-7867a7ea510b.jpg',1,1,1,4,'REJECTED','2025-10-01 03:43:58.879310',2,1,NULL,72,4),(27,3,1,'2025-10-01 02:38:51.979337',1,'/upload/ext-edit/e130c76e-b0a9-484a-8ba8-a4a9ca4647d0.jpg','dd19','/upload/ext/014b2d11-d4f3-4f9c-b508-4d642becf1c4.jpg',2,1,'/upload/int-edit/bf4e5bd3-9b89-4406-9c53-b523a0b8a951.jpg','dd20','/upload/int/da3578dd-29e4-4f79-bb92-f1671acde352.jpg',1,1,1,2,'SENT','2025-10-01 02:38:51.979337',2,2,NULL,87,4),(28,3,2,'2025-10-01 02:41:27.948394',2,'/upload/ext-edit/29945aec-38c8-4486-af59-a1e070cdf6e5.jpg','dd21','/upload/ext/efa2cb1b-2d91-490b-bdd2-58d1e7342ac5.jpg',1,2,'/upload/int-edit/d4f59280-eca7-4a23-b82b-4bfd3123aca5.jpg','dd21','/upload/int/54ceba6c-c004-4635-8dc1-be2e23b83e3c.jpg',1,1,1,3,'APPROVED','2025-10-01 03:41:58.276295',2,2,NULL,88,4),(29,2,2,'2025-10-01 03:16:15.013002',2,'/upload/ext-edit/ccd2ea32-3139-4314-93ba-3af738e701cd.jpg','a1','/upload/ext/67e13bdb-b4df-4c0b-a660-b6c3cf0ab395.jpg',1,1,'/upload/int-edit/31081bce-6b69-4879-8dbc-16c386319041.jpg','b1','/upload/int/7da018c1-a9b8-4b91-80d2-c18644a16305.jpg',1,1,2,2,'APPROVED','2025-10-01 03:40:01.842830',2,2,NULL,106,4),(30,3,1,'2025-10-01 03:17:21.441369',2,'/upload/ext-edit/b3555054-8bf2-4060-aa73-a20f325e6804.jpg','a2','/upload/ext/24ff5063-333f-4d9f-8842-882335c349e2.jpg',1,2,'/upload/int-edit/050c9644-5229-468d-bbe2-a6ac1c03826e.jpg','b2','/upload/int/6ca25495-95af-404d-a717-4e7879c5a5ac.jpg',1,1,2,3,'REJECTED','2025-10-01 03:42:53.503139',1,2,NULL,108,4),(31,1,2,'2025-10-01 03:19:37.244301',1,'/upload/ext-edit/eafc5ff3-6f96-4150-8d43-acd7fb89538e.jpg','a3','/upload/ext/fd4efcca-691a-4da8-b173-2d265bc5d1ff.jpg',2,1,'/upload/int-edit/c1ca9433-ab9d-47a3-a2d1-5688a967c2e1.jpg','b3','/upload/int/8fa2aedd-77e7-4fb0-adba-2057c86265e5.jpg',1,1,2,2,'APPROVED','2025-10-01 03:39:50.294715',2,1,NULL,110,4),(32,3,2,'2025-10-01 03:20:53.393292',1,'/upload/ext-edit/df069a03-0118-4e27-ab55-4339622bf73a.jpg','a4','/upload/ext/f188a10f-a5d4-4f23-8049-d9d27390cbcb.jpg',1,2,'/upload/int-edit/730e694d-e314-4043-b539-1c4d84c95f9a.jpg','b4','/upload/int/24abc53d-ed54-4f84-a73e-ddcd0d38192c.jpg',1,1,2,2,'APPROVED','2025-10-01 03:42:38.684463',3,1,NULL,119,4),(33,2,1,'2025-10-01 03:22:25.406939',2,'/upload/ext-edit/4d8a5c43-7f1b-4d0f-9141-cb3a52b79405.jpg','a5','/upload/ext/f7f695ea-df00-4d59-bd8f-5f37892a4d69.jpg',2,2,'/upload/int-edit/e5c206ca-44da-4a87-bd72-d65741393449.jpg','b5','/upload/int/ba4419f6-bf97-42ed-9a6c-03f90802ad45.jpg',1,1,2,2,'APPROVED','2025-10-01 03:39:58.496257',2,1,NULL,120,4),(34,2,2,'2025-10-01 03:24:51.892161',1,'/upload/ext-edit/9f32be10-bd16-408f-a0f6-6350392ce972.jpg','a6','/upload/ext/071edf1d-4d63-4d99-b548-84c255427d69.jpg',1,4,'/upload/int-edit/2af4d152-143c-4267-87f6-e2ecb10daa28.jpg','b6','/upload/int/1a4d3021-477f-4a4e-958b-73bb840306a5.jpg',1,1,1,3,'APPROVED','2025-10-01 03:38:44.929007',2,2,NULL,130,4),(35,3,1,'2025-10-01 03:26:37.797643',2,'/upload/ext-edit/aeb1885e-5b46-447e-b499-ec18baf7a046.jpg','a7','/upload/ext/9fa7a8c6-55dc-476f-91eb-33b00ddc151d.jpg',1,1,'/upload/int-edit/d3c91d4f-75be-4e24-b287-f6d4d6929535.jpg','b7','/upload/int/a887e563-bb36-45ac-bcd9-4a68fac4fd05.jpg',2,1,1,1,'APPROVED','2025-10-01 03:39:54.335242',2,3,NULL,129,4),(36,2,1,'2025-10-01 03:28:17.424463',1,'/upload/ext-edit/79738154-9c04-43d5-8ff8-6be14e383501.jpg','a8','/upload/ext/5a62edac-f174-40e5-a6d5-94521b95b4b2.jpg',2,3,'/upload/int-edit/3ce9d152-a20d-4ad7-aabe-6def7a837c53.jpg','b8','/upload/int/9b5a318b-8f17-4a23-93f0-4fd13f3f0706.jpg',1,1,2,3,'APPROVED','2025-10-01 03:42:02.358660',2,1,NULL,131,4),(37,3,1,'2025-10-01 03:29:58.574197',2,'/upload/ext-edit/1c04eb96-134d-4d98-9df9-924800dfeb45.jpg','a9','/upload/ext/0b08837d-395f-4f34-9ce8-1acfb7c51ded.jpg',2,4,'/upload/int-edit/1d392077-3825-49e1-858a-56329d856e2c.jpg','b9','/upload/int/3e8e5aa6-fd2f-4fe8-87b1-265deaff12b5.jpg',2,1,2,3,'APPROVED','2025-10-01 03:38:50.318208',2,2,NULL,133,4),(38,1,3,'2025-10-01 03:33:49.744794',3,'/upload/ext-edit/51c03f48-cf41-49fd-9b0a-b525d01cc606.jpg','','/upload/ext/6be2fb27-77ac-4ddc-9e6d-e1577c76a932.jpg',2,1,'/upload/int-edit/eccdbea6-fa84-4f3f-8db4-107c04574f7b.jpg','123','/upload/int/286c4fbf-edad-4c06-9468-8c3843548f84.jpg',1,1,3,2,'APPROVED','2025-10-01 03:39:26.876458',2,2,NULL,102,1),(39,2,2,'2025-10-01 03:34:44.099453',1,NULL,'a11',NULL,2,2,NULL,'b11',NULL,1,1,1,3,'SENT','2025-10-01 12:23:59.659695',2,2,NULL,1,1),(40,2,2,'2025-10-01 03:35:38.142575',1,'/upload/ext-edit/913a5889-6400-4cd1-99a7-f1c98742c443.jpg','21','/upload/ext/7da5b368-fba9-4c2e-b976-4c9b6bbdb54f.jpg',1,4,'/upload/int-edit/35c3a594-5d67-48b2-b64c-f568194911c6.jpg','3535','/upload/int/dbcf80e9-c29c-40d9-b63f-d270159dd869.jpg',1,1,1,5,'APPROVED','2025-10-01 03:39:36.286927',2,1,NULL,116,1),(41,2,1,'2025-10-01 03:36:00.190354',2,'/upload/ext-edit/ac3f54a9-487a-4fd8-a41a-bb65916c7615.jpg','a12','/upload/ext/a79480c6-c64e-4203-89b6-bcedd0a12605.jpg',2,3,'/upload/int-edit/f260ce5b-0675-4c87-b0d5-fc94d905e62f.jpg','b12','/upload/int/c6715e02-0efe-4f08-8feb-275f1ab369fb.jpg',1,1,2,3,'APPROVED','2025-10-01 03:42:06.235476',2,3,NULL,3,1),(42,2,1,'2025-10-01 03:37:46.831819',1,'/upload/ext-edit/194f902c-d146-493e-affe-c72b1820f2a8.jpg','a13','/upload/ext/5722384f-0ab1-4513-835c-848a3a3fc90f.jpg',1,4,'/upload/int-edit/1a2ffb2e-4e79-40f3-8d9f-7bf0ffe69bdc.jpg','b13','/upload/int/4f1edc29-c183-4f87-ada4-a849703d1ba6.jpg',1,1,2,1,'APPROVED','2025-10-01 03:42:35.208254',2,1,NULL,12,1),(43,2,2,'2025-10-01 03:39:51.092635',2,'/upload/ext-edit/45600e90-8fba-40dd-808f-6be33df78c2b.jpg','341','/upload/ext/2e906d22-7ea1-4ad6-9f37-1839cebbaaec.jpg',2,4,'/upload/int-edit/5bb5072f-0e2a-42c5-a709-34fcc32935dc.jpg','2','/upload/int/9bd898cf-d131-4aa2-a04e-b28b878ea084.jpg',2,1,2,2,'APPROVED','2025-10-01 03:42:09.382988',2,3,NULL,118,1),(44,1,3,'2025-10-01 03:40:54.909644',3,'/upload/ext-edit/a1b54004-894b-4df4-a2d2-3ed0e4e957e8.jpg',' 14','/upload/ext/034dbac4-3f10-4993-848b-722aa8efcde9.jpg',1,2,'/upload/int-edit/8fbd2f83-13f8-434d-9779-b1fe51f0d63f.jpg','14','/upload/int/b8268dcc-11d0-4d28-b24e-78e83b75c61c.jpg',1,1,2,4,'APPROVED','2025-10-01 05:38:55.454390',2,2,NULL,137,1),(45,3,2,'2025-10-01 03:41:56.868623',1,'/upload/ext-edit/1a7932f8-fc26-4652-84a7-49a97b5f23ee.jpg','151515','/upload/ext/815b960f-be42-4c62-930a-cc02c0fbcd2a.jpg',2,2,'/upload/int-edit/c6809e1d-c93a-468c-a68c-4e588eb29da5.jpg','2525','/upload/int/488671b4-552e-45ab-b0ad-cc6e71cac4e4.jpg',1,1,3,4,'APPROVED','2025-10-01 03:42:31.510335',2,2,NULL,419,1),(46,1,1,'2025-10-01 03:43:11.253728',3,'/upload/ext-edit/a8b625a8-8bda-41e5-a916-7be83c91f259.jpg','54','/upload/ext/a589f2d4-f317-4488-9cb0-88bca0cf3483.jpg',2,3,'/upload/int-edit/a34c7399-1fb5-4ffe-be12-0297fc85fe65.jpg','et3t','/upload/int/7ca71288-69be-41dc-a611-f71de9ddec10.jpg',1,1,2,3,'SENT','2025-10-01 03:43:11.253728',3,1,NULL,34,1),(47,0,0,'2025-10-01 03:43:29.840877',0,NULL,'',NULL,0,0,NULL,'',NULL,0,2,0,0,'SENT','2025-10-01 03:43:29.840877',0,0,NULL,50,1),(48,3,2,'2025-10-01 03:44:33.646559',3,NULL,'2525',NULL,3,2,NULL,'23tt2t',NULL,1,1,1,4,'SENT','2025-10-01 11:42:42.541702',3,1,NULL,6,1),(49,2,1,'2025-10-01 03:45:19.235857',3,'/upload/ext-edit/47244319-9616-48a7-9c1a-cec999638073.jpg','ssss','/upload/ext/64acd593-4e18-4824-a65d-c9bc32538672.jpg',1,2,'/upload/int-edit/b8188e90-d41a-45f6-8460-d8ac526121a4.jpg','','/upload/int/19f8f3d1-990d-418c-b351-f90e44a0b1d4.jpg',1,1,1,2,'REJECTED','2025-10-01 05:36:52.602681',1,1,NULL,411,1),(50,2,2,'2025-10-01 03:46:53.103000',3,NULL,'dgdgdg',NULL,2,4,NULL,'1r114',NULL,2,1,1,1,'SENT','2025-10-01 11:53:44.306380',2,1,NULL,417,1),(51,2,1,'2025-10-01 05:36:28.923569',2,'/upload/ext-edit/676d7ba1-8d2b-42e9-a76a-f7a82395b8a9.jpg','주차 가능 대수 4개','/upload/ext/2884f8b5-6d6f-4f5f-98a9-29d942173bb8.jpg',2,3,'/upload/int-edit/41c1e1df-ed3b-4cf2-bffa-b7416bd46fda.jpg','','/upload/int/5a10a62f-de5e-47fe-9389-7c52980a8981.jpg',1,1,1,2,'SENT','2025-10-01 05:36:28.921572',2,2,NULL,409,1),(52,2,1,'2025-10-01 05:37:58.869451',1,'/upload/ext-edit/4fdef418-8a5b-4bd7-ae6b-538b7a8f4cf8.jpg','','/upload/ext/80ddd430-63d7-427d-b3df-43b7e2c04dd9.jpg',2,3,'/upload/int-edit/28819942-fca6-404b-a310-fb7698cae1e3.jpg','','/upload/int/7db275be-9f6c-4e9d-af83-442b26b4d111.jpg',2,1,2,3,'APPROVED','2025-10-01 05:38:50.209038',3,1,NULL,402,1),(53,2,1,'2025-10-01 05:39:17.805483',1,'/upload/ext-edit/b981f570-f448-47de-bde8-0bae03e40a82.jpg','','/upload/ext/b37d2650-4555-47c7-a939-31a3505e6575.jpg',1,1,'/upload/int-edit/2ac1636f-3fe2-45c7-af45-5bd11a1a6cff.jpg','','/upload/int/ef9f6a3c-ad3b-4773-9d25-0151680ff6f3.jpg',1,1,1,1,'SENT','2025-10-01 05:39:17.805483',1,1,NULL,391,1),(54,1,2,'2025-10-01 05:41:22.764725',1,'/upload/ext-edit/9304f16c-4099-484d-b942-d946d2b0d56a.jpg','','/upload/ext/b98660ca-22c4-4616-9159-5ef10f627ba2.jpg',2,3,'/upload/int-edit/8634f382-6e89-4e03-bc5f-1f802bea7185.jpg','','/upload/int/24c0ed2b-1d2b-4e23-b06b-037d0d3d3239.jpg',2,1,3,4,'APPROVED','2025-10-01 11:14:58.265927',2,3,NULL,382,1),(55,1,2,'2025-10-01 05:41:25.447891',1,'/upload/ext-edit/f7db6d4d-2c4c-4110-b598-c474002f9a3d.jpg','x1','/upload/ext/361ef41c-98a6-47a2-8038-943f690d30e1.jpg',1,3,'/upload/int-edit/0d35eaac-e216-4a05-97cf-f933780751dd.jpg','x2','/upload/int/5d286da4-fbb4-4416-b7c1-86bc86d317ed.jpg',1,1,2,2,'APPROVED','2025-10-01 06:41:01.514058',1,1,NULL,305,4),(56,3,1,'2025-10-01 05:43:22.040787',1,'/upload/ext-edit/83356587-f4b9-4f87-b703-bd983be1569d.jpg','xx','/upload/ext/dcdaa890-adb9-433c-b361-fd688e393530.jpg',2,2,'/upload/int-edit/52d61440-f082-4bf1-8c9f-a5a533d837b0.jpg','xx','/upload/int/327be590-a616-41dd-89b9-339d5aa1d9d3.jpg',1,1,2,1,'SENT','2025-10-01 05:43:22.040787',3,1,NULL,304,4),(57,2,2,'2025-10-01 05:44:54.600557',1,'/upload/ext-edit/7e100f37-c264-476f-9719-a273e746ac85.jpg','xcx','/upload/ext/2c9f5d51-77e9-4a5d-8a97-0289c12ad983.jpg',2,3,'/upload/int-edit/0a640bf6-c54f-4de2-aaa4-fc7551e36db0.jpg','xsx','/upload/int/1f276e53-3b1c-46fd-96dd-f455fc21d8e7.jpg',1,1,2,4,'SENT','2025-10-01 05:44:54.600557',1,2,NULL,303,4),(58,2,2,'2025-10-01 05:45:19.798563',1,'/upload/ext-edit/6075511b-b4f8-4df9-9b3f-651a52887d89.jpg','','/upload/ext/add29203-3b4a-4e14-b3ad-2b3f0672e77b.jpg',2,3,'/upload/int-edit/f61d4ef3-661a-4973-95a0-d26106a84164.jpg','','/upload/int/1d8317e1-59ee-43a9-a342-dc5028f4cdc3.jpg',1,1,2,3,'APPROVED','2025-10-01 11:14:46.643665',2,2,NULL,408,1),(59,2,1,'2025-10-01 05:46:23.408266',2,'/upload/ext-edit/a66a1f84-2424-4caa-a1bc-4082b30194c2.jpg','fsf','/upload/ext/6f80ee4b-c82b-49e9-925b-08bf53fbec47.jpg',2,3,'/upload/int-edit/89aa7ea2-bf6d-4b9a-bed1-b6bdb086fcff.jpg','vcv','/upload/int/3c4b4fbf-506a-4028-9aa7-ba2ed18ecc55.jpg',2,1,2,2,'SENT','2025-10-01 05:46:23.408266',3,2,NULL,302,4),(60,1,1,'2025-10-01 05:46:49.699980',1,'/upload/ext-edit/62dd75be-0fdb-4aa4-bbbd-9ac19d47472d.jpg','','/upload/ext/a08872c6-00cd-457d-bed3-c31715b2dc32.jpg',1,3,'/upload/int-edit/8dc24831-fadd-4395-b88f-4a019bc70fef.jpg','','/upload/int/7c6cacb1-9985-4d66-84ef-51c3221aa874.jpg',1,1,1,1,'APPROVED','2025-10-01 11:13:32.897097',1,1,NULL,379,1),(61,2,2,'2025-10-01 05:47:40.799021',1,'/upload/ext-edit/1c61e8d4-6b61-4cad-b51e-77d96445a90a.jpg','dfgdg','/upload/ext/97ac6383-263f-4a91-9f6c-0a000982e118.jpg',3,2,'/upload/int-edit/19613138-d3e0-48a7-a572-ec14aef5315e.jpg','sfsf','/upload/int/507c4372-69b2-4af6-baa9-1c286a8694ff.jpg',1,1,1,3,'SENT','2025-10-01 05:47:40.799021',2,2,NULL,301,4),(62,0,0,'2025-10-01 05:47:47.068544',0,NULL,'',NULL,0,0,NULL,'',NULL,0,2,0,0,'SENT','2025-10-01 05:47:47.068544',0,0,NULL,300,4),(63,0,0,'2025-10-01 05:48:20.694597',0,NULL,'',NULL,0,0,NULL,'',NULL,0,2,0,0,'SENT','2025-10-01 05:48:20.694597',0,0,NULL,299,4),(64,2,2,'2025-10-01 05:49:00.612709',3,'/upload/ext-edit/be2557e8-68a1-49c5-ae70-375b9141386d.jpg','fgfg','/upload/ext/e7c63326-f1a4-40c4-a3f7-6866720b0ae0.jpg',1,3,'/upload/int-edit/9c3c2acb-f95f-44ff-9774-172f971088d1.jpg','rtrt','/upload/int/1344ba14-90a3-4145-b1f1-f9df8930394a.jpg',1,1,1,3,'SENT','2025-10-01 05:49:00.612709',3,2,NULL,298,4),(65,0,0,'2025-10-01 05:49:06.051930',0,NULL,'',NULL,0,0,NULL,'',NULL,0,2,0,0,'SENT','2025-10-01 05:49:06.051930',0,0,NULL,297,4),(66,2,3,'2025-10-01 05:49:55.226307',1,'/upload/ext-edit/d051fb3f-088d-460f-a035-0a8eccae9645.jpg','rfhf','/upload/ext/8827f9b4-ce47-4d7c-835c-cfa21adb2d4c.jpg',2,3,'/upload/int-edit/600f7f4d-8961-45a1-8849-940ab1f572ca.jpg','','/upload/int/c83a6646-ab33-4bb6-b241-60f06cd01efe.jpg',1,1,1,1,'SENT','2025-10-01 05:49:55.226307',2,2,NULL,283,4),(67,2,1,'2025-10-01 05:51:08.107976',2,'/upload/ext-edit/8bccf9aa-8077-4b01-af69-95bac4ff790c.jpg','dfdf','/upload/ext/04834d62-e8dc-4e55-b498-7b843c175326.jpg',2,3,'/upload/int-edit/80ed3af4-5983-4146-b04e-d8c789d3198a.jpg','fgf','/upload/int/3cf2b4b7-90d1-44de-bd93-1ff5fed4e9da.jpg',1,1,2,4,'APPROVED','2025-10-01 06:40:07.757475',2,1,NULL,328,5),(68,0,0,'2025-10-01 05:51:18.442887',0,NULL,'',NULL,0,0,NULL,'',NULL,0,2,0,0,'REJECTED','2025-10-01 06:03:24.390939',0,0,NULL,329,5),(69,2,2,'2025-10-01 05:52:06.813067',2,'/upload/ext-edit/8ba42737-7936-4d80-884b-32a98d67d94b.jpg','fgfg','/upload/ext/4f304790-8eb5-4d3e-9603-f01e139ed5b1.jpg',2,1,'/upload/int-edit/7914caf7-fce0-4b40-82ba-e9e9536b7612.jpg','gfg','/upload/int/a205a838-9176-4bf5-8e9d-d8fe0f6a163e.jpg',1,1,2,4,'SENT','2025-10-01 05:52:06.812076',1,2,NULL,330,5),(70,0,0,'2025-10-01 05:52:14.769222',0,NULL,'',NULL,0,0,NULL,'',NULL,0,2,0,0,'REJECTED','2025-10-01 06:03:07.460778',0,0,NULL,349,5),(71,1,1,'2025-10-01 05:53:15.895182',3,'/upload/ext-edit/8d318b91-d1d4-4358-a22e-7a75a98d1ed0.jpg','gsdgd','/upload/ext/a2cedb2a-426c-4495-a57a-f59083656586.jpg',2,2,'/upload/int-edit/f676a079-2df3-4df5-8f0e-fc6110862b79.jpg','etet','/upload/int/f83d8180-9b2d-4444-907a-fa26b92e5148.jpg',2,1,1,3,'SENT','2025-10-01 05:53:15.895182',2,2,NULL,350,5),(72,2,2,'2025-10-01 06:03:38.728498',1,'/upload/ext-edit/cc23ff09-e75d-4ad3-ba77-f8ab030d076d.jpg','','/upload/ext/cc4f0c81-232b-4a80-8f0d-26cdb667d1c5.jpg',2,2,'/upload/int-edit/c0b4e6f5-61c4-4dce-8a7f-e7cde906d9d8.jpg','','/upload/int/8e38b53f-411b-4672-b82d-8d7ca7054878.jpg',1,1,1,2,'APPROVED','2025-10-01 06:39:03.419254',1,2,NULL,368,1),(73,0,0,'2025-10-01 11:43:38.357792',0,NULL,'',NULL,0,0,NULL,'',NULL,0,2,0,0,'SENT','2025-10-01 11:43:38.355792',0,0,NULL,19,1),(74,0,0,'2025-10-01 11:43:44.790077',0,NULL,'',NULL,0,0,NULL,'',NULL,0,2,0,0,'SENT','2025-10-01 11:43:44.790077',0,0,NULL,8,1),(75,0,0,'2025-10-01 11:43:50.699003',0,NULL,'',NULL,0,0,NULL,'',NULL,0,2,0,0,'SENT','2025-10-01 11:43:50.699003',0,0,NULL,14,1),(76,0,0,'2025-10-01 11:43:56.949970',0,NULL,'',NULL,0,0,NULL,'',NULL,0,2,0,0,'SENT','2025-10-01 11:43:56.949970',0,0,NULL,7,1),(77,0,0,'2025-10-01 11:44:07.380757',0,NULL,'',NULL,0,0,NULL,'',NULL,0,2,0,0,'APPROVED','2025-10-09 03:29:15.868103',0,0,NULL,43,1),(78,0,0,'2025-10-01 11:44:14.786190',0,NULL,'',NULL,0,0,NULL,'',NULL,0,2,0,0,'SENT','2025-10-01 11:44:14.786190',0,0,NULL,16,1),(79,0,0,'2025-10-01 11:44:31.042943',0,NULL,'',NULL,0,0,NULL,'',NULL,0,2,0,0,'SENT','2025-10-01 11:44:31.042943',0,0,NULL,114,1),(80,0,0,'2025-10-01 11:44:48.354546',0,NULL,'',NULL,0,0,NULL,'',NULL,0,2,0,0,'SENT','2025-10-01 12:22:07.777941',0,0,NULL,64,1),(81,0,0,'2025-10-01 11:58:46.677563',0,NULL,'',NULL,0,0,NULL,'',NULL,0,2,0,0,'SENT','2025-10-01 11:58:46.675565',0,0,NULL,10,1),(82,1,1,'2025-10-01 11:59:51.225295',2,NULL,'',NULL,1,2,NULL,'',NULL,1,1,2,1,'APPROVED','2025-10-09 03:29:08.108866',1,2,NULL,207,1),(83,0,0,'2025-10-01 12:20:41.753369',0,NULL,'',NULL,0,0,NULL,'',NULL,0,2,0,0,'REJECTED','2025-10-09 04:24:46.232370',0,0,NULL,414,1),(84,1,2,'2025-10-01 12:21:38.394066',3,'/upload/ext-edit/61b5daa5-40b1-45fb-887c-6e87b13b87dc.jpg','','/upload/ext/66804ec3-09e6-429c-b454-3b39cf9e2942.jpg',1,3,'/upload/int-edit/f307387d-6358-44da-9702-e92f1a62c686.jpg','','/upload/int/2870874f-b556-4832-a506-4d2a24288005.jpg',1,1,2,2,'APPROVED','2025-10-02 05:16:00.502035',2,2,NULL,413,1),(85,1,1,'2025-10-09 04:17:17.541439',2,'/upload/ext-edit/ed94d9bc-9a52-4642-b703-32eb41416b46.jpg','','/upload/ext/50dac433-aaba-4cde-97c1-255138a036cd.jpg',3,2,'/upload/int-edit/438e23e6-1e7b-49ac-b6ee-e9e8ea2669aa.jpg','바닥 균열','/upload/int/96217a2e-616d-4be0-a6fc-981cd6df493e.jpg',1,1,2,3,'APPROVED','2025-10-09 04:24:31.389035',2,2,NULL,69,1);
/*!40000 ALTER TABLE `survey_result` ENABLE KEYS */;
UNLOCK TABLES;

--
-- Table structure for table `user_account`
--

DROP TABLE IF EXISTS `user_account`;
/*!40101 SET @saved_cs_client     = @@character_set_client */;
/*!50503 SET character_set_client = utf8mb4 */;
CREATE TABLE `user_account` (
  `user_id` bigint NOT NULL AUTO_INCREMENT,
  `created_at` datetime(6) NOT NULL,
  `emp_no` varchar(50) NOT NULL,
  `name` varchar(100) NOT NULL,
  `password` varchar(255) NOT NULL,
  `preferred_region` varchar(200) DEFAULT NULL,
  `role` enum('ADMIN','APPROVER','RESEARCHER') NOT NULL,
  `status` int NOT NULL,
  `username` varchar(60) NOT NULL,
  `fcm_token` varchar(255) DEFAULT NULL,
  PRIMARY KEY (`user_id`),
  UNIQUE KEY `UK11mam8bo9qmh9fnwgsdk2e7ea` (`emp_no`),
  UNIQUE KEY `UKcastjbvpeeus0r8lbpehiu0e4` (`username`)
) ENGINE=InnoDB AUTO_INCREMENT=9 DEFAULT CHARSET=utf8mb4 COLLATE=utf8mb4_0900_ai_ci;
/*!40101 SET character_set_client = @saved_cs_client */;

--
-- Dumping data for table `user_account`
--

LOCK TABLES `user_account` WRITE;
/*!40000 ALTER TABLE `user_account` DISABLE KEYS */;
INSERT INTO `user_account` VALUES (1,'2025-09-23 02:23:20.660598','EMP25098056','조사원1','1234','경상남도 김해시 강동','RESEARCHER',1,'user1',NULL),(2,'2025-09-23 02:26:22.435720','EMP25093796','결재자1','1234',NULL,'APPROVER',1,'approver1',NULL),(3,'2025-09-24 00:22:05.330362','EMP25094625','관리자','1234',NULL,'ADMIN',1,'admin',NULL),(4,'2025-09-25 06:17:48.597167','EMP25093060','조사원2','1234','경상남도 김해시 관동동','RESEARCHER',1,'user2',NULL),(5,'2025-09-25 06:18:03.299130','EMP25094335','조사원3','1234','경상남도 김해시 봉황동','RESEARCHER',1,'user3',NULL),(6,'2025-09-26 00:41:08.377502','EMP25091526','결재자2','1234','','APPROVER',1,'approver2',NULL);
/*!40000 ALTER TABLE `user_account` ENABLE KEYS */;
UNLOCK TABLES;

--
-- Table structure for table `user_building_assignment`
--

DROP TABLE IF EXISTS `user_building_assignment`;
/*!40101 SET @saved_cs_client     = @@character_set_client */;
/*!50503 SET character_set_client = utf8mb4 */;
CREATE TABLE `user_building_assignment` (
  `id` bigint NOT NULL AUTO_INCREMENT,
  `assigned_at` datetime(6) DEFAULT NULL,
  `building_id` bigint NOT NULL,
  `status` int NOT NULL,
  `user_id` bigint NOT NULL,
  `approval_id` bigint DEFAULT NULL,
  PRIMARY KEY (`id`),
  UNIQUE KEY `uk_uba_building` (`building_id`),
  KEY `idx_uba_building` (`building_id`),
  KEY `idx_uba_status` (`status`),
  KEY `idx_uba_user` (`user_id`),
  KEY `idx_uba_approval` (`approval_id`),
  CONSTRAINT `fk_uba_approval` FOREIGN KEY (`approval_id`) REFERENCES `approval` (`id`),
  CONSTRAINT `fk_uba_building` FOREIGN KEY (`building_id`) REFERENCES `building` (`id`),
  CONSTRAINT `fk_uba_user` FOREIGN KEY (`user_id`) REFERENCES `user_account` (`user_id`)
) ENGINE=InnoDB AUTO_INCREMENT=243 DEFAULT CHARSET=utf8mb4 COLLATE=utf8mb4_0900_ai_ci;
/*!40101 SET character_set_client = @saved_cs_client */;

--
-- Dumping data for table `user_building_assignment`
--

LOCK TABLES `user_building_assignment` WRITE;
/*!40000 ALTER TABLE `user_building_assignment` DISABLE KEYS */;
INSERT INTO `user_building_assignment` VALUES (1,'2025-10-01 01:58:59.894157',1,2,1,134),(2,'2025-10-01 01:58:59.944536',3,1,1,NULL),(3,'2025-10-01 01:58:59.961338',12,2,1,116),(5,'2025-10-01 01:58:59.989610',28,2,1,112),(6,'2025-10-01 01:59:00.003528',38,2,1,111),(11,'2025-10-01 01:59:00.061112',98,1,1,NULL),(12,'2025-10-01 01:59:00.073091',101,2,1,97),(13,'2025-10-01 01:59:00.081114',109,2,1,93),(14,'2025-10-01 01:59:00.090093',115,1,1,NULL),(15,'2025-10-01 01:59:00.100115',122,1,1,NULL),(16,'2025-10-01 01:59:00.109117',117,2,1,90),(18,'2025-10-01 02:00:56.804070',2,1,4,NULL),(19,'2025-10-01 02:00:56.825797',4,2,4,118),(20,'2025-10-01 02:00:56.842891',5,2,4,117),(21,'2025-10-01 02:00:56.858890',23,2,4,114),(22,'2025-10-01 02:00:56.873325',24,2,4,113),(23,'2025-10-01 02:00:56.886326',42,2,4,110),(24,'2025-10-01 02:00:56.900014',40,1,4,NULL),(25,'2025-10-01 02:00:56.912014',57,2,4,108),(26,'2025-10-01 02:00:56.925663',58,2,4,107),(27,'2025-10-01 02:00:56.938698',71,2,4,103),(28,'2025-10-01 02:00:56.952881',72,1,4,NULL),(29,'2025-10-01 02:00:56.964886',87,1,4,NULL),(30,'2025-10-01 02:00:56.976973',88,2,4,100),(31,'2025-10-01 02:00:56.989973',106,2,4,95),(32,'2025-10-01 02:00:57.001973',108,2,4,94),(33,'2025-10-01 02:00:57.015972',110,2,4,92),(34,'2025-10-01 02:00:57.022975',119,1,4,NULL),(35,'2025-10-01 02:00:57.032972',120,1,4,NULL),(36,'2025-10-01 02:00:57.039973',130,1,4,NULL),(37,'2025-10-01 02:00:57.048973',129,2,4,88),(38,'2025-10-01 02:00:57.054406',131,2,4,87),(39,'2025-10-01 02:00:57.061407',133,2,4,86),(40,'2025-10-01 02:00:57.068405',142,2,4,83),(41,'2025-10-01 02:00:57.075406',143,2,4,82),(42,'2025-10-01 02:00:57.082405',163,1,4,NULL),(43,'2025-10-01 02:00:57.089403',164,2,4,78),(44,'2025-10-01 02:00:57.100429',169,1,4,NULL),(45,'2025-10-01 02:00:57.106402',170,2,4,77),(46,'2025-10-01 02:00:57.113403',171,1,4,NULL),(47,'2025-10-01 02:00:57.119402',172,2,4,76),(48,'2025-10-01 02:00:57.125413',186,2,4,75),(49,'2025-10-01 02:00:57.131409',187,1,4,NULL),(50,'2025-10-01 02:00:57.137777',197,2,4,71),(51,'2025-10-01 02:00:57.143429',198,2,4,70),(52,'2025-10-01 02:00:57.149521',215,2,4,65),(53,'2025-10-01 02:00:57.155522',216,2,4,275),(54,'2025-10-01 02:00:57.161522',227,2,4,62),(55,'2025-10-01 02:00:57.167599',228,2,4,61),(56,'2025-10-01 02:00:57.173927',229,2,4,60),(57,'2025-10-01 02:00:57.179935',239,2,4,56),(58,'2025-10-01 02:00:57.185926',240,2,4,55),(59,'2025-10-01 02:00:57.192927',241,2,4,270),(60,'2025-10-01 02:00:57.199927',242,2,4,54),(61,'2025-10-01 02:00:57.206929',243,2,4,53),(62,'2025-10-01 02:00:57.214930',259,2,4,273),(63,'2025-10-01 02:00:57.223929',260,1,4,NULL),(64,'2025-10-01 02:00:57.232928',261,2,4,51),(65,'2025-10-01 02:00:57.239930',262,1,4,NULL),(66,'2025-10-01 02:00:57.249930',263,2,4,50),(67,'2025-10-01 02:00:57.257936',279,2,4,46),(68,'2025-10-01 02:00:57.265954',280,2,4,45),(69,'2025-10-01 02:00:57.273952',281,2,4,44),(70,'2025-10-01 02:00:57.281929',282,2,4,43),(71,'2025-10-01 02:00:57.288950',283,1,4,NULL),(72,'2025-10-01 02:00:57.297947',297,2,4,41),(73,'2025-10-01 02:00:57.304928',298,2,4,40),(74,'2025-10-01 02:00:57.311928',299,2,4,39),(75,'2025-10-01 02:00:57.317927',300,2,4,38),(76,'2025-10-01 02:00:57.323943',301,2,4,37),(77,'2025-10-01 02:00:57.329953',302,2,4,36),(78,'2025-10-01 02:00:57.335949',303,2,4,277),(79,'2025-10-01 02:00:57.341955',304,2,4,266),(80,'2025-10-01 02:00:57.347949',305,1,4,NULL),(83,'2025-10-01 02:01:20.375092',417,2,1,14),(86,'2025-10-01 02:01:20.406652',411,2,1,19),(90,'2025-10-01 02:01:20.442663',419,2,1,11),(91,'2025-10-01 02:01:59.557064',410,2,5,20),(92,'2025-10-01 02:01:59.572402',406,2,5,21),(93,'2025-10-01 02:01:59.585463',404,2,5,22),(94,'2025-10-01 02:01:59.597369',400,2,5,23),(95,'2025-10-01 02:01:59.608307',396,2,5,24),(96,'2025-10-01 02:01:59.620910',392,2,5,25),(97,'2025-10-01 02:01:59.632923',387,2,5,26),(98,'2025-10-01 02:01:59.640090',384,2,5,120),(99,'2025-10-01 02:01:59.650038',386,2,5,119),(100,'2025-10-01 02:01:59.655490',380,2,5,27),(101,'2025-10-01 02:01:59.663453',370,2,5,28),(102,'2025-10-01 02:01:59.668453',369,2,5,29),(103,'2025-10-01 02:01:59.675477',358,2,5,121),(104,'2025-10-01 02:01:59.680781',350,2,5,30),(105,'2025-10-01 02:01:59.685780',349,2,5,31),(106,'2025-10-01 02:01:59.691780',330,2,5,32),(107,'2025-10-01 02:01:59.696773',329,2,5,208),(108,'2025-10-01 02:01:59.701389',328,1,5,NULL),(110,'2025-10-01 02:03:20.514033',311,2,1,34),(113,'2025-10-01 02:03:20.522030',316,2,1,33),(116,'2025-10-01 02:03:20.536050',284,2,1,42),(119,'2025-10-01 02:03:20.549031',267,2,1,48),(120,'2025-10-01 02:03:20.555054',265,2,1,49),(122,'2025-10-01 02:03:20.563589',249,2,1,274),(123,'2025-10-01 02:03:20.567998',248,2,1,52),(125,'2025-10-01 02:03:20.571999',233,2,1,58),(128,'2025-10-01 02:03:20.583970',220,2,1,64),(129,'2025-10-01 02:03:20.587969',219,2,1,124),(130,'2025-10-01 02:03:20.592970',221,2,1,63),(131,'2025-10-01 02:03:20.597972',209,2,1,67),(132,'2025-10-01 02:03:20.601971',210,2,1,66),(134,'2025-10-01 02:03:20.611001',194,2,1,72),(135,'2025-10-01 02:03:20.615002',189,1,1,NULL),(136,'2025-10-01 02:03:20.620160',190,2,1,74),(137,'2025-10-01 02:03:20.623880',200,2,1,69),(138,'2025-10-01 02:03:20.628079',201,2,1,68),(139,'2025-10-01 02:03:20.632909',162,2,1,79),(140,'2025-10-01 02:03:20.636909',161,2,1,80),(141,'2025-10-01 02:03:20.641909',151,1,1,NULL),(142,'2025-10-01 02:03:20.646908',150,1,1,NULL),(143,'2025-10-01 02:03:20.650447',149,1,1,NULL),(145,'2025-10-01 02:03:20.658573',138,2,1,84),(146,'2025-10-01 02:03:20.662930',137,2,1,85),(147,'2025-10-01 02:03:20.666936',121,1,1,NULL),(148,'2025-10-01 02:03:20.670936',118,2,1,89),(149,'2025-10-01 02:03:20.675935',116,2,1,91),(150,'2025-10-01 02:03:20.680936',102,2,1,96),(151,'2025-10-01 02:03:20.684936',100,2,1,98),(152,'2025-10-01 02:03:20.689935',99,2,1,99),(153,'2025-10-01 02:03:20.693936',79,2,1,102),(154,'2025-10-01 02:03:20.698937',78,1,1,NULL),(155,'2025-10-01 02:03:20.703936',77,1,1,NULL),(156,'2025-10-01 02:03:20.709936',68,2,1,104),(157,'2025-10-01 02:03:20.715936',67,2,1,105),(158,'2025-10-01 02:03:20.720937',66,2,1,106),(159,'2025-10-01 02:03:20.725937',65,1,1,NULL),(160,'2025-10-01 03:41:10.917645',6,2,1,245),(161,'2025-10-01 03:41:10.944677',18,2,1,247),(162,'2025-10-01 03:41:10.957016',34,1,1,NULL),(163,'2025-10-01 03:41:10.968005',50,1,1,NULL),(164,'2025-10-01 03:41:10.978923',53,1,1,NULL),(165,'2025-10-01 03:41:10.989944',64,1,1,NULL),(166,'2025-10-01 03:41:11.001924',81,2,1,264),(168,'2025-10-01 03:41:11.021926',114,1,1,NULL),(169,'2025-10-01 03:41:11.031926',136,1,1,NULL),(171,'2025-10-01 03:41:11.045924',185,1,1,NULL),(172,'2025-10-01 03:41:11.052923',205,1,1,NULL),(174,'2025-10-01 03:41:11.065983',222,2,1,272),(175,'2025-10-01 03:41:11.073992',231,2,1,271),(176,'2025-10-01 03:41:11.080994',245,2,1,269),(178,'2025-10-01 03:41:11.094992',271,2,1,278),(179,'2025-10-01 03:41:11.101145',270,2,1,268),(180,'2025-10-01 03:41:11.107052',291,1,1,NULL),(181,'2025-10-01 03:41:11.113095',296,2,1,267),(182,'2025-10-01 03:41:11.119092',307,2,1,257),(184,'2025-10-01 03:41:11.130436',323,2,1,209),(185,'2025-10-01 03:41:11.136435',331,1,1,NULL),(187,'2025-10-01 03:41:11.148764',346,2,1,255),(188,'2025-10-01 03:41:11.154802',356,2,1,253),(189,'2025-10-01 03:41:11.160891',367,2,1,206),(191,'2025-10-01 03:41:11.172391',375,2,1,205),(192,'2025-10-01 03:41:11.177676',382,2,1,203),(193,'2025-10-01 03:41:11.183681',391,2,1,202),(194,'2025-10-01 03:41:11.189681',402,2,1,204),(195,'2025-10-01 03:41:11.195681',409,2,1,201),(198,'2025-10-01 05:41:05.082029',16,1,1,NULL),(199,'2025-10-01 05:41:05.097059',26,2,1,248),(202,'2025-10-01 05:41:05.139075',43,2,1,250),(204,'2025-10-01 05:41:05.167065',49,1,1,NULL),(205,'2025-10-01 05:41:05.181069',51,1,1,NULL),(206,'2025-10-01 05:41:05.194238',69,1,1,NULL),(209,'2025-10-01 05:41:05.240187',90,1,1,NULL),(210,'2025-10-01 05:41:05.254171',113,1,1,NULL),(212,'2025-10-01 05:41:05.281860',139,1,1,NULL),(214,'2025-10-01 05:41:05.308818',168,1,1,NULL),(215,'2025-10-01 05:41:05.325947',174,1,1,NULL),(217,'2025-10-01 05:41:05.355194',207,1,1,NULL),(222,'2025-10-01 05:41:05.421093',368,1,1,NULL),(223,'2025-10-01 05:41:05.435094',379,2,1,242),(224,'2025-10-01 05:41:05.454078',408,2,1,235),(225,'2025-10-01 06:22:05.292924',14,2,1,246),(226,'2025-10-01 11:17:54.869744',7,1,1,NULL),(227,'2025-10-01 11:17:54.879744',8,1,1,NULL),(228,'2025-10-01 11:17:54.885743',10,1,1,NULL),(229,'2025-10-01 11:18:14.571554',19,1,1,NULL),(233,'2025-10-01 12:05:48.965840',420,1,1,NULL),(234,'2025-10-01 12:05:48.971532',427,1,1,NULL),(235,'2025-10-01 12:05:48.976623',426,1,1,NULL),(236,'2025-10-01 12:05:48.982629',412,1,1,NULL),(237,'2025-10-01 12:05:48.987629',413,1,1,NULL),(238,'2025-10-01 12:05:48.993630',414,1,1,NULL),(239,'2025-10-01 12:05:48.999247',415,1,1,NULL),(241,'2025-10-09 04:19:30.144580',11,1,1,NULL),(242,'2025-10-09 04:19:30.178735',25,1,1,NULL);
/*!40000 ALTER TABLE `user_building_assignment` ENABLE KEYS */;
UNLOCK TABLES;
/*!40103 SET TIME_ZONE=@OLD_TIME_ZONE */;

/*!40101 SET SQL_MODE=@OLD_SQL_MODE */;
/*!40014 SET FOREIGN_KEY_CHECKS=@OLD_FOREIGN_KEY_CHECKS */;
/*!40014 SET UNIQUE_CHECKS=@OLD_UNIQUE_CHECKS */;
/*!40101 SET CHARACTER_SET_CLIENT=@OLD_CHARACTER_SET_CLIENT */;
/*!40101 SET CHARACTER_SET_RESULTS=@OLD_CHARACTER_SET_RESULTS */;
/*!40101 SET COLLATION_CONNECTION=@OLD_COLLATION_CONNECTION */;
/*!40111 SET SQL_NOTES=@OLD_SQL_NOTES */;

-- Dump completed on 2025-10-09 18:39:16
